,year,Pk,Tm,Player,Yrs,G,MP,PTS,TRB,AST,FGP,F3P,FTP,MPG,PPG,RPG,APG,WS,WS_48,BPM,VORP
0,2013,1,CLE,Anthony Bennett,4,151,1905,658,472,77,.392,.261,.670,12.6,4.4,3.1,0.5,0.5,.013,-4.8,-1.3
1,2013,2,ORL,Victor Oladipo,10,504,16247,8503,2245,1970,.436,.347,.788,32.2,16.9,4.5,3.9,25.6,.076,0.7,11.0
2,2013,3,WAS,Otto Porter Jr.,11,527,13400,5419,2599,783,.477,.397,.797,25.4,10.3,4.9,1.5,36.7,.132,1.7,12.5
3,2013,4,CHA,Cody Zeller,11,552,11510,4376,3125,740,.520,.220,.727,20.9,7.9,5.7,1.3,33.5,.140,-0.7,3.9
4,2013,5,PHO,Alex Len,11,644,11374,4534,3529,551,.510,.324,.681,17.7,7.0,5.5,0.9,23.2,.098,-1.9,0.4
5,2013,6,NOH,Nerlens Noel,9,467,10281,3338,2835,501,.546,.200,.655,22.0,7.1,6.1,1.1,28.3,.132,0.9,7.4
6,2013,7,SAC,Ben McLemore,9,556,12534,5015,1269,563,.414,.363,.780,22.5,9.0,2.3,1.0,9.0,.035,-3.1,-3.4
7,2013,8,DET,Kentavious Caldwell-Pope,11,835,24757,9499,2539,1516,.427,.369,.819,29.6,11.4,3.0,1.8,43.9,.085,-0.9,7.0
8,2013,9,MIN,Trey Burke,9,498,10401,4792,878,1522,.410,.345,.810,20.9,9.6,1.8,3.1,12.9,.060,-1.3,1.7
9,2013,10,POR,CJ McCollum,11,731,23432,14231,2655,2778,.454,.399,.806,32.1,19.5,3.6,3.8,50.5,.103,1.4,20.3
10,2013,11,PHI,Michael Carter-Williams,9,395,9942,4040,1718,1708,.402,.256,.705,25.2,10.2,4.3,4.3,6.6,.032,-1.2,1.8
11,2013,12,OKC,Steven Adams,10,706,18944,6518,5788,1079,.587,.067,.536,26.8,9.2,8.2,1.5,59.3,.150,0.5,12.1
12,2013,13,DAL,Kelly Olynyk,11,756,17109,7755,3918,1847,.485,.369,.798,22.6,10.3,5.2,2.4,44.4,.125,0.9,12.6
13,2013,14,UTA,Shabazz Muhammad,5,278,4772,2504,770,151,.473,.319,.751,17.2,9.0,2.8,0.5,8.5,.085,-2.0,0.0
14,2013,15,MIL,Giannis Antetokounmpo,11,792,25945,18502,7732,3855,.545,.286,.702,32.8,23.4,9.8,4.9,109.3,.202,6.5,55.8
15,2013,16,BOS,Lucas Nogueira,4,141,1754,446,388,72,.632,.265,.640,12.4,3.2,2.8,0.5,6.0,.165,2.3,1.9
16,2013,17,ATL,Dennis Schröder,11,767,20919,10758,2236,3693,.434,.342,.836,27.3,14.0,2.9,4.8,29.5,.068,-1.4,3.1
17,2013,18,ATL,Shane Larkin,4,256,4880,1399,490,737,.422,.336,.777,19.1,5.5,1.9,2.9,4.4,.044,-2.4,-0.6
18,2013,19,CLE,Sergey Karasev,3,95,1110,287,140,87,.395,.282,.842,11.7,3.0,1.5,0.9,0.8,.036,-3.4,-0.4
19,2013,20,CHI,Tony Snell,9,601,13092,3672,1371,669,.431,.394,.846,21.8,6.1,2.3,1.1,18.5,.068,-2.0,-0.1
20,2013,21,UTA,Gorgui Dieng,10,628,12625,4591,3534,837,.496,.355,.791,20.1,7.3,5.6,1.3,30.7,.117,0.2,7.1
21,2013,22,BRK,Mason Plumlee,11,786,17497,6585,5312,1911,.594,.043,.573,22.3,8.4,6.8,2.4,54.1,.149,1.3,14.6
22,2013,23,IND,Solomon Hill,9,448,9652,2453,1399,662,.388,.331,.797,21.5,5.5,3.1,1.5,11.9,.059,-2.1,-0.3
23,2013,24,NYK,Tim Hardaway Jr.,11,736,20109,10307,2155,1363,.418,.360,.812,27.3,14.0,2.9,1.9,30.3,.072,-1.1,4.5
24,2013,25,LAC,Reggie Bullock,11,556,12556,4039,1451,647,.424,.385,.827,22.6,7.3,2.6,1.2,21.4,.082,-1.2,2.6
25,2013,26,MIN,Andre Roberson,7,307,6801,1382,1230,265,.473,.253,.468,22.2,4.5,4.0,0.9,12.6,.089,-0.6,2.3
26,2013,27,DEN,Rudy Gobert,11,757,23042,9592,8915,996,.655,.000,.639,30.4,12.7,11.8,1.3,106.0,.221,3.4,31.7
28,2013,29,OKC,Archie Goodwin,4,165,2396,1040,331,206,.429,.236,.700,14.5,6.3,2.0,1.2,1.1,.022,-3.0,-0.6
29,2013,30,PHO,Nemanja Nedović,1,24,142,26,15,13,.205,.167,.875,5.9,1.1,0.6,0.5,-0.4,-.132,-10.0,-0.3
32,2013,31,CLE,Allen Crabbe,7,381,9125,3453,1073,434,.425,.387,.831,24.0,9.1,2.8,1.1,13.7,.072,-1.6,0.9
33,2013,32,OKC,Álex Abrines,3,174,2777,924,248,88,.387,.368,.880,16.0,5.3,1.4,0.5,5.0,.086,-1.9,0.1
34,2013,33,CLE,Carrick Felix,1,7,38,19,6,4,.500,.400,.750,5.4,2.7,0.9,0.6,0.0,.057,-3.4,0.0
35,2013,34,HOU,Isaiah Canaan,6,235,4799,1913,438,454,.371,.351,.836,20.4,8.1,1.9,1.9,4.3,.043,-2.4,-0.5
36,2013,35,PHI,Glen Rice Jr.,2,16,152,43,24,9,.269,.250,.692,9.5,2.7,1.5,0.6,-0.2,-.065,-6.6,-0.2
37,2013,36,SAC,Ray McCallum,3,154,2808,920,306,368,.408,.335,.711,18.2,6.0,2.0,2.4,2.1,.035,-2.6,-0.4
38,2013,37,DET,Tony Mitchell,1,21,79,22,26,2,.417,1.000,.579,3.8,1.0,1.2,0.1,0.2,.151,0.4,0.0
39,2013,38,WAS,Nate Wolters,3,84,1575,461,185,209,.423,.261,.635,18.8,5.5,2.2,2.5,0.9,.028,-2.6,-0.2
40,2013,39,POR,Jeff Withey,5,206,2072,666,518,64,.525,.143,.716,10.1,3.2,2.5,0.3,6.8,.157,0.5,1.3
41,2013,40,POR,Grant Jerrett,1,8,51,16,9,3,.269,.067,1.000,6.4,2.0,1.1,0.4,-0.1,-.128,-10.8,-0.1
42,2013,41,MEM,Jamaal Franklin,2,24,174,42,25,9,.415,.462,1.000,7.3,1.8,1.0,0.4,0.0,-.006,-5.9,-0.2
43,2013,42,PHI,Pierre Jackson,1,8,84,35,9,19,.333,.273,.857,10.5,4.4,1.1,2.4,0.0,.021,-4.4,-0.1
44,2013,43,MIL,Ricky Ledo,2,28,277,109,38,21,.336,.371,.769,9.9,3.9,1.4,0.8,-0.6,-.096,-7.6,-0.4
45,2013,44,DAL,Mike Muscala,11,548,8239,3206,1699,464,.451,.373,.830,15.0,5.9,3.1,0.8,19.2,.112,-0.2,3.7
47,2013,46,UTA,Erick Green,2,52,452,159,37,42,.377,.288,.857,8.7,3.1,0.7,0.8,0.1,.011,-4.0,-0.2
48,2013,47,ATL,Raul Neto,8,435,6765,2470,658,913,.458,.361,.812,15.6,5.7,1.5,2.1,11.6,.082,-1.5,0.8
49,2013,48,LAL,Ryan Kelly,4,163,3125,981,504,215,.378,.316,.797,19.2,6.0,3.1,1.3,3.0,.046,-2.6,-0.5
51,2013,50,ATL,James Ennis III,8,395,8022,2629,1306,373,.457,.360,.797,20.3,6.7,3.3,0.9,16.2,.097,-1.5,0.9
53,2013,52,MIN,Lorenzo Brown,5,103,1185,293,151,183,.364,.170,.707,11.5,2.8,1.5,1.8,-0.2,-.007,-3.5,-0.5
56,2013,55,MEM,Joffrey Lauvergne,4,208,2823,1159,789,180,.479,.285,.719,13.6,5.6,3.8,0.9,5.2,.089,-2.1,-0.1
57,2013,56,DET,Peyton Siva,1,24,224,54,14,34,.316,.280,.733,9.3,2.3,0.6,1.4,-0.2,-.032,-6.4,-0.2
62,2014,1,CLE,Andrew Wiggins,10,706,24046,13091,3156,1597,.449,.354,.722,34.1,18.5,4.5,2.3,29.1,.058,-1.5,2.8
63,2014,2,MIL,Jabari Parker,8,310,8535,4380,1703,610,.494,.326,.743,27.5,14.1,5.5,2.0,13.8,.078,-0.8,2.5
64,2014,3,PHI,Joel Embiid,8,433,13833,12071,4832,1573,.504,.341,.826,31.9,27.9,11.2,3.6,63.5,.220,7.0,31.4
65,2014,4,ORL,Aaron Gordon,10,669,19629,9009,4227,1775,.481,.323,.683,29.3,13.5,6.3,2.7,42.6,.104,0.3,11.3
66,2014,5,UTA,Dante Exum,7,300,5633,1817,590,672,.431,.336,.767,18.8,6.1,2.0,2.2,5.9,.051,-2.8,-1.2
67,2014,6,BOS,Marcus Smart,10,601,18046,6430,2111,2786,.388,.323,.776,30.0,10.7,3.5,4.6,33.5,.089,-0.3,7.6
68,2014,7,LAL,Julius Randle,10,641,20512,12229,6004,2387,.470,.333,.748,32.0,19.1,9.4,3.7,43.3,.101,0.9,15.2
69,2014,8,SAC,Nik Stauskas,6,343,6701,2290,691,515,.389,.354,.812,19.5,6.7,2.0,1.5,3.9,.028,-3.0,-1.7
70,2014,9,CHH,Noah Vonleh,8,362,5854,1685,1790,264,.459,.307,.692,16.2,4.7,4.9,0.7,9.4,.077,-2.5,-0.7
71,2014,10,PHI,Elfrid Payton,8,500,13383,5036,2007,2868,.447,.287,.623,26.8,10.1,4.0,5.7,15.8,.057,-0.9,3.7
72,2014,11,DEN,Doug McDermott,10,655,13230,5851,1434,657,.471,.410,.806,20.2,8.9,2.2,1.0,21.1,.076,-2.1,-0.3
73,2014,12,ORL,Dario Šarić,7,477,10869,5057,2576,917,.445,.362,.839,22.8,10.6,5.4,1.9,20.9,.092,-0.7,3.6
74,2014,13,MIN,Zach LaVine,10,580,18859,11866,2350,2285,.464,.382,.834,32.5,20.5,4.1,3.9,32.2,.082,0.7,12.7
75,2014,14,PHO,T.J. Warren,9,385,10365,5497,1515,446,.505,.351,.780,26.9,14.3,3.9,1.2,20.9,.097,-0.4,4.1
76,2014,15,ATL,Adreian Payne,4,107,1403,429,315,66,.406,.254,.680,13.1,4.0,2.9,0.6,-0.6,-.019,-5.9,-1.4
77,2014,16,CHI,Jusuf Nurkić,10,539,13284,6538,4821,1353,.503,.280,.667,24.6,12.1,8.9,2.5,31.8,.115,0.5,8.4
78,2014,17,BOS,James Young,4,95,812,219,96,28,.367,.277,.563,8.5,2.3,1.0,0.3,0.8,.046,-3.4,-0.3
79,2014,18,PHO,Tyler Ennis,4,186,2336,779,250,359,.419,.317,.768,12.6,4.2,1.3,1.9,1.3,.026,-3.4,-0.8
80,2014,19,CHI,Gary Harris,10,570,15954,6295,1351,1111,.447,.370,.813,28.0,11.0,2.4,1.9,25.8,.078,-1.3,2.8
81,2014,20,TOR,Bruno Caboclo,7,105,1293,442,268,72,.403,.308,.836,12.3,4.2,2.6,0.7,1.5,.054,-2.7,-0.2
82,2014,21,OKC,Mitch McGary,2,52,557,227,183,17,.527,.000,.580,10.7,4.4,3.5,0.3,1.3,.108,-2.6,-0.1
83,2014,22,MEM,Jordan Adams,2,32,263,101,30,19,.402,.385,.607,8.2,3.2,0.9,0.6,0.4,.070,1.7,0.2
84,2014,23,UTA,Rodney Hood,8,448,10977,4656,1160,736,.420,.366,.841,24.5,10.4,2.6,1.6,17.4,.076,-1.2,2.2
85,2014,24,CHH,Shabazz Napier,6,345,5986,2433,657,849,.397,.345,.815,17.4,7.1,1.9,2.5,8.1,.065,-0.7,2.0
86,2014,25,HOU,Clint Capela,10,609,16227,7466,6516,614,.621,.000,.545,26.6,12.3,10.7,1.0,66.4,.196,1.8,15.6
87,2014,26,MIA,P.J. Hairston,2,111,2000,664,266,59,.343,.295,.810,18.0,6.0,2.4,0.5,0.9,.021,-3.9,-1.0
88,2014,27,PHO,Bogdan Bogdanović,7,449,12950,6590,1520,1470,.438,.384,.843,28.8,14.7,3.4,3.3,22.9,.085,0.4,7.8
89,2014,28,LAC,C.J. Wilcox,3,66,376,132,31,30,.370,.333,.813,5.7,2.0,0.5,0.5,0.1,.007,-4.3,-0.2
90,2014,29,OKC,Josh Huestis,3,76,1068,187,180,23,.346,.312,.240,14.1,2.5,2.4,0.3,0.7,.030,-3.5,-0.4
91,2014,30,SAS,Kyle Anderson,10,653,14322,4519,2861,1833,.479,.338,.714,21.9,6.9,4.4,2.8,36.6,.123,1.8,13.6
94,2014,31,MIL,Damien Inglis,1,20,156,36,31,10,.351,.231,.875,7.8,1.8,1.6,0.5,-0.1,-.024,-5.6,-0.1
95,2014,32,PHI,K.J. McDaniels,3,148,2092,782,324,95,.412,.290,.776,14.1,5.3,2.2,0.6,1.3,.030,-2.8,-0.4
96,2014,33,CLE,Joe Harris,10,504,12298,5185,1521,790,.479,.436,.771,24.4,10.3,3.0,1.6,23.1,.090,-0.7,4.1
97,2014,34,NYK,Cleanthony Early,2,56,801,241,123,42,.346,.263,.750,14.3,4.3,2.2,0.8,-0.6,-.039,-5.9,-0.8
99,2014,36,MIL,Johnny O'Bryant,4,147,1684,509,352,69,.402,.360,.663,11.5,3.5,2.4,0.5,0.2,.006,-6.2,-1.8
101,2014,38,DET,Spencer Dinwiddie,10,542,15083,7206,1642,2804,.414,.333,.796,27.8,13.3,3.0,5.2,32.4,.103,0.1,7.9
102,2014,39,PHI,Jerami Grant,10,672,18530,8751,2663,1049,.455,.364,.746,27.6,13.0,4.0,1.6,34.8,.090,-0.4,7.7
103,2014,40,MIN,Glenn Robinson III,7,304,5299,1804,776,238,.457,.373,.779,17.4,5.9,2.6,0.8,7.9,.071,-1.7,0.4
104,2014,41,DEN,Nikola Jokić,9,675,21078,14139,7249,4667,.557,.350,.827,31.2,20.9,10.7,6.9,111.6,.254,9.9,63.4
105,2014,42,HOU,Nick Johnson,1,28,262,74,39,11,.347,.238,.680,9.4,2.6,1.4,0.4,-0.1,-.020,-6.5,-0.3
107,2014,44,MIN,Markel Brown,3,113,1794,584,234,132,.380,.295,.781,15.9,5.2,2.1,1.2,1.1,.029,-2.9,-0.4
108,2014,45,CHH,Dwight Powell,10,650,12014,4640,2877,677,.602,.293,.739,18.5,7.1,4.4,1.0,46.2,.185,0.9,8.7
109,2014,46,WAS,Jordan Clarkson,10,716,19861,11429,2405,2073,.438,.335,.832,27.7,16.0,3.4,2.9,23.6,.057,-0.9,5.4
110,2014,47,PHI,Russ Smith,2,27,131,53,15,19,.319,.188,.769,4.9,2.0,0.6,0.7,-0.2,-.068,-5.1,-0.1
111,2014,48,MIL,Lamar Patterson,2,40,435,93,57,45,.326,.236,.720,10.9,2.3,1.4,1.1,0.1,.006,-5.7,-0.4
112,2014,49,CHI,Cameron Bairstow,2,36,167,44,36,7,.296,.200,.846,4.6,1.2,1.0,0.2,-0.1,-.021,-8.1,-0.3
114,2014,51,NYK,Thanasis Antetokounmpo,6,198,1520,481,307,115,.509,.143,.529,7.7,2.4,1.6,0.6,1.9,.059,-4.3,-0.9
115,2014,52,PHI,Vasilije Micić,1,60,1176,422,88,262,.430,.279,.813,19.6,7.0,1.5,4.4,0.4,.015,-4.6,-0.8
118,2014,55,MIA,Semaj Christon,1,64,973,183,87,130,.345,.190,.548,15.2,2.9,1.4,2.0,0.1,.006,-5.1,-0.8
119,2014,56,DEN,Devyn Marble,2,44,457,97,69,29,.304,.222,.375,10.4,2.2,1.6,0.7,-0.3,-.028,-5.5,-0.4
121,2014,58,SAS,Jordan McRae,4,123,1696,846,225,167,.417,.355,.772,13.8,6.9,1.8,1.4,1.7,.048,-2.1,0.0
123,2014,60,SAS,Cory Jefferson,2,58,581,205,161,16,.444,.125,.583,10.0,3.5,2.8,0.3,0.9,.071,-3.3,-0.2
124,2015,1,MIN,Karl-Anthony Towns,9,573,19455,13121,6216,1815,.524,.398,.839,34.0,22.9,10.8,3.2,75.0,.185,4.5,31.8
125,2015,2,LAL,D'Angelo Russell,9,571,17265,10136,1954,3289,.430,.369,.792,30.2,17.8,3.4,5.8,24.6,.068,0.7,11.8
126,2015,3,PHI,Jahlil Okafor,6,247,4827,2566,1169,225,.542,.222,.676,19.5,10.4,4.7,0.9,7.2,.071,-2.0,0.0
127,2015,4,NYK,Kristaps Porziņģis,8,459,14196,9021,3604,826,.459,.361,.831,30.9,19.7,7.9,1.8,42.7,.144,2.5,16.1
128,2015,5,ORL,Mario Hezonja,5,330,6107,2284,1026,415,.417,.319,.812,18.5,6.9,3.1,1.3,3.2,.025,-2.8,-1.2
129,2015,6,SAC,Willie Cauley-Stein,7,422,9276,3675,2470,598,.544,.188,.612,22.0,8.7,5.9,1.4,23.3,.121,-0.1,4.4
130,2015,7,DEN,Emmanuel Mudiay,6,302,7187,3299,884,1143,.401,.323,.744,23.8,10.9,2.9,3.8,-0.2,-.001,-3.2,-2.2
131,2015,8,DET,Stanley Johnson,8,449,8879,2806,1404,679,.391,.305,.748,19.8,6.2,3.1,1.5,6.9,.037,-2.7,-1.6
132,2015,9,CHO,Frank Kaminsky,8,413,8160,3630,1579,651,.430,.349,.746,19.8,8.8,3.8,1.6,15.9,.094,-0.2,3.7
133,2015,10,MIA,Justise Winslow,8,344,8906,2829,1760,889,.412,.315,.638,25.9,8.2,5.1,2.6,8.2,.044,-2.1,-0.3
134,2015,11,IND,Myles Turner,9,570,16280,7911,3878,702,.502,.354,.771,28.6,13.9,6.8,1.2,44.0,.130,0.8,11.6
135,2015,12,UTA,Trey Lyles,9,581,10621,4484,2510,615,.443,.347,.745,18.3,7.7,4.3,1.1,19.4,.088,-1.0,2.5
136,2015,13,PHO,Devin Booker,9,598,20354,14529,2413,2993,.464,.357,.870,34.0,24.3,4.0,5.0,45.1,.106,1.2,16.2
137,2015,14,OKC,Cameron Payne,9,405,7266,3203,847,1324,.422,.369,.825,17.9,7.9,2.1,3.3,11.7,.077,-0.6,2.5
138,2015,15,ATL,Kelly Oubre Jr.,9,595,15664,7790,2664,639,.435,.327,.751,26.3,13.1,4.5,1.1,22.2,.068,-1.8,0.7
139,2015,16,BOS,Terry Rozier,9,601,16699,8573,2372,2170,.420,.367,.827,27.8,14.3,3.9,3.6,29.6,.085,0.6,10.8
140,2015,17,MIL,Rashad Vaughn,3,139,1671,423,158,75,.337,.313,.692,12.0,3.0,1.1,0.5,-0.6,-.017,-4.7,-1.2
141,2015,18,HOU,Sam Dekker,5,201,3097,1094,607,160,.478,.288,.606,15.4,5.4,3.0,0.8,5.4,.083,-1.4,0.5
142,2015,19,WAS,Jerian Grant,5,279,4998,1692,530,805,.411,.323,.770,17.9,6.1,1.9,2.9,8.3,.080,-1.6,0.5
143,2015,20,TOR,Delon Wright,9,508,10540,3531,1584,1559,.451,.354,.806,20.7,7.0,3.1,3.1,28.2,.128,2.2,11.0
144,2015,21,DAL,Justin Anderson,6,242,3280,1284,621,184,.410,.292,.775,13.6,5.3,2.6,0.8,4.9,.072,-1.5,0.4
145,2015,22,CHI,Bobby Portis,9,605,13663,7138,4274,746,.479,.385,.759,22.6,11.8,7.1,1.2,31.1,.109,-0.5,5.3
146,2015,23,POR,Rondae Hollis-Jefferson,6,305,6759,2760,1684,579,.449,.212,.735,22.2,9.0,5.5,1.9,12.9,.091,-0.7,2.3
147,2015,24,CLE,Tyus Jones,9,601,12250,4420,1178,2593,.445,.367,.813,20.4,7.4,2.0,4.3,29.5,.116,0.6,8.1
148,2015,25,MEM,Jarell Martin,4,184,2927,998,639,114,.434,.346,.766,15.9,5.4,3.5,0.6,3.2,.053,-4.3,-1.7
150,2015,27,LAL,Larry Nance Jr.,9,522,12124,4001,3238,979,.540,.342,.696,23.2,7.7,6.2,1.9,33.4,.132,1.2,9.9
151,2015,28,BOS,R.J. Hunter,4,45,395,133,46,19,.371,.295,.818,8.8,3.0,1.0,0.4,0.4,.051,-2.0,0.0
152,2015,29,BRK,Chris McCullough,3,59,532,194,112,15,.426,.306,.548,9.0,3.3,1.9,0.3,0.6,.054,-2.5,-0.1
153,2015,30,GSW,Kevon Looney,9,523,9166,2633,2929,838,.583,.167,.615,17.5,5.0,5.6,1.6,33.1,.173,0.4,5.5
156,2015,31,MIN,Cedi Osman,7,476,10815,4427,1411,933,.432,.357,.711,22.7,9.3,3.0,2.0,12.5,.055,-2.1,-0.3
157,2015,32,HOU,Montrezl Harrell,8,515,10544,6220,2588,675,.619,.108,.664,20.5,12.1,5.0,1.3,42.9,.195,2.6,12.2
158,2015,33,BOS,Jordan Mickey,3,64,482,152,128,17,.449,.118,.605,7.5,2.4,2.0,0.3,0.5,.050,-4.8,-0.3
159,2015,34,LAL,Anthony Brown,3,41,762,161,103,28,.328,.286,.850,18.6,3.9,2.5,0.7,-0.2,-.016,-5.1,-0.6
160,2015,35,PHI,Willy Hernangómez,7,344,5149,2524,1982,364,.533,.306,.713,15.0,7.3,5.8,1.1,16.3,.152,0.1,2.8
162,2015,37,PHI,Richaun Holmes,9,458,8826,3934,2429,437,.603,.274,.745,19.3,8.6,5.3,1.0,28.8,.156,0.1,4.6
163,2015,38,DET,Darrun Hilliard,3,91,859,295,85,71,.377,.304,.747,9.4,3.2,0.9,0.8,0.3,.016,-4.7,-0.6
165,2015,40,MIA,Josh Richardson,9,546,15665,6349,1673,1451,.429,.364,.846,28.7,11.6,3.1,2.7,27.7,.085,-0.6,5.7
166,2015,41,BRK,Pat Connaughton,9,554,10836,3363,1914,759,.436,.358,.773,19.6,6.1,3.5,1.4,23.4,.104,-0.4,4.4
168,2015,43,IND,Joe Young,3,127,1077,429,130,119,.393,.296,.768,8.5,3.4,1.0,0.9,0.4,.016,-4.1,-0.6
169,2015,44,PHO,Andrew Harrison,3,145,2987,1012,287,399,.373,.294,.779,20.6,7.0,2.0,2.8,3.2,.051,-2.8,-0.6
171,2015,46,MIL,Norman Powell,9,557,12980,6851,1458,816,.468,.394,.828,23.3,12.3,2.6,1.5,27.1,.100,-0.2,5.9
186,2016,1,PHI,Ben Simmons,6,332,10790,4765,2599,2469,.560,.139,.589,32.5,14.4,7.8,7.4,33.6,.149,3.3,14.6
187,2016,2,LAL,Brandon Ingram,8,477,15721,9256,2466,2037,.468,.362,.786,33.0,19.4,5.2,4.3,27.2,.083,0.1,8.4
188,2016,3,BOS,Jaylen Brown,8,540,16307,10038,2840,1303,.480,.364,.720,30.2,18.6,5.3,2.4,35.4,.104,0.4,9.7
189,2016,4,PHO,Dragan Bender,4,187,3755,1014,720,237,.399,.323,.654,20.1,5.4,3.9,1.3,0.5,.006,-3.9,-1.9
190,2016,5,MIN,Kris Dunn,8,333,7714,2642,1104,1407,.437,.323,.739,23.2,7.9,3.3,4.2,7.7,.048,-1.5,1.0
191,2016,6,NOP,Buddy Hield,8,632,18317,9820,2672,1641,.434,.400,.860,29.0,15.5,4.2,2.6,24.9,.065,0.4,11.0
192,2016,7,DEN,Jamal Murray,7,469,14378,8187,1757,2106,.452,.380,.867,30.7,17.5,3.7,4.5,31.9,.106,0.9,10.7
193,2016,8,SAC,Marquese Chriss,6,292,5338,2206,1366,298,.456,.290,.667,18.3,7.6,4.7,1.0,6.5,.058,-2.4,-0.5
194,2016,9,TOR,Jakob Poeltl,8,538,11634,4487,3606,925,.631,.500,.538,21.6,8.3,6.7,1.7,38.7,.159,1.1,9.2
195,2016,10,MIL,Thon Maker,5,263,3624,1216,726,161,.435,.327,.680,13.8,4.6,2.8,0.6,6.6,.087,-2.1,-0.1
196,2016,11,ORL,Domantas Sabonis,8,576,17470,9064,5908,2739,.556,.332,.726,30.3,15.7,10.3,4.8,59.8,.164,3.2,22.8
197,2016,12,UTA,Taurean Prince,8,502,12236,5089,1804,850,.424,.376,.811,24.4,10.1,3.6,1.7,11.5,.045,-2.1,-0.3
198,2016,13,PHO,Georgios Papagiannis,2,39,477,160,123,29,.514,.000,.857,12.2,4.1,3.2,0.7,0.4,.044,-3.9,-0.2
199,2016,14,CHI,Denzel Valentine,5,256,4817,1795,857,466,.394,.360,.787,18.8,7.0,3.3,1.8,4.5,.044,-1.9,0.2
200,2016,15,DEN,Juancho Hernangómez,7,339,5269,1711,1131,216,.428,.342,.676,15.5,5.0,3.3,0.6,8.7,.080,-1.9,0.1
201,2016,16,BOS,Guerschon Yabusele,2,74,486,173,105,31,.442,.323,.682,6.6,2.3,1.4,0.4,1.1,.105,-1.9,0.0
202,2016,17,MEM,Wade Baldwin,3,56,579,174,69,78,.355,.250,.776,10.3,3.1,1.2,1.4,-0.3,-.028,-5.3,-0.5
203,2016,18,DET,Henry Ellenson,5,83,787,342,206,49,.371,.336,.773,9.5,4.1,2.5,0.6,0.4,.023,-3.7,-0.3
204,2016,19,DEN,Malik Beasley,8,496,11456,5402,1398,650,.425,.385,.800,23.1,10.9,2.8,1.3,15.4,.064,-1.3,2.1
205,2016,20,IND,Caris LeVert,8,460,12955,6498,1778,1890,.434,.341,.739,28.2,14.1,3.9,4.1,19.9,.074,-0.4,5.3
206,2016,21,ATL,DeAndre' Bembry,6,296,5670,1750,950,533,.474,.283,.611,19.2,5.9,3.2,1.8,4.4,.038,-2.3,-0.4
207,2016,22,CHO,Malachi Richardson,3,70,625,198,70,24,.358,.301,.783,8.9,2.8,1.0,0.3,-0.1,-.009,-6.1,-0.7
209,2016,24,PHI,Timothé Luwawu-Cabarrot,6,328,5254,1937,656,293,.391,.335,.829,16.0,5.9,2.0,0.9,4.7,.043,-4.0,-2.7
210,2016,25,LAC,Brice Johnson,2,21,107,47,34,3,.449,.000,.600,5.1,2.2,1.6,0.1,0.1,.062,-0.6,0.0
211,2016,26,PHI,Furkan Korkmaz,7,328,5447,2244,646,391,.406,.356,.761,16.6,6.8,2.0,1.2,7.6,.067,-2.0,0.1
212,2016,27,TOR,Pascal Siakam,8,551,17089,9747,3643,1998,.496,.330,.766,31.0,17.7,6.6,3.6,47.9,.135,2.0,17.2
213,2016,28,PHO,Skal Labissière,4,148,2595,1069,662,152,.492,.353,.748,17.5,7.2,4.5,1.0,4.4,.081,-2.3,-0.2
214,2016,29,SAS,Dejounte Murray,7,472,13733,7261,2725,2490,.458,.345,.787,29.1,15.4,5.8,5.3,26.0,.091,1.6,12.5
215,2016,30,GSW,Damian Jones,8,279,3782,1366,869,193,.656,.351,.715,13.6,4.9,3.1,0.7,11.3,.143,-1.0,1.0
218,2016,31,BOS,Deyonta Davis,3,107,1299,454,346,47,.599,.000,.635,12.1,4.2,3.2,0.4,3.6,.131,-2.1,0.0
219,2016,32,LAL,Ivica Zubac,8,504,10810,4613,3732,580,.612,.083,.739,21.4,9.2,7.4,1.2,39.6,.176,0.3,6.4
220,2016,33,LAC,Cheick Diallo,5,183,2186,958,759,78,.596,.286,.774,11.9,5.2,4.1,0.4,6.3,.139,-1.4,0.3
221,2016,34,PHO,Tyler Ulis,3,133,2782,998,223,537,.403,.280,.808,20.9,7.5,1.7,4.0,0.5,.008,-3.6,-1.1
223,2016,36,MIL,Malcolm Brogdon,8,439,12917,6772,1826,2058,.464,.391,.873,29.4,15.4,4.2,4.7,32.6,.121,1.4,11.1
225,2016,38,MIL,Patrick McCaw,5,199,3373,760,319,270,.420,.305,.785,16.9,3.8,1.6,1.4,4.4,.062,-2.8,-0.6
229,2016,42,UTA,Isaiah Whitehead,2,89,1823,643,210,212,.411,.305,.788,20.5,7.2,2.4,2.4,-0.9,-.025,-5.0,-1.4
230,2016,43,HOU,Zhou Qi,2,19,125,24,22,2,.212,.105,.667,6.6,1.3,1.2,0.1,-0.2,-.093,-9.6,-0.2
232,2016,45,BOS,Demetrius Jackson,3,26,136,48,19,17,.486,.286,.667,5.2,1.8,0.7,0.7,0.2,.087,-0.5,0.1
233,2016,46,DAL,A.J. Hammons,1,22,163,48,36,4,.405,.500,.450,7.4,2.2,1.6,0.2,0.0,-.001,-6.6,-0.2
234,2016,47,ORL,Jake Layman,6,243,3099,1175,417,127,.460,.300,.719,12.8,4.8,1.7,0.5,3.8,.059,-2.3,-0.2
235,2016,48,CHI,Paul Zipser,2,98,1667,458,256,82,.371,.335,.769,17.0,4.7,2.6,0.8,0.0,-.001,-5.2,-1.4
236,2016,49,DET,Michael Gbinije,1,9,32,4,3,2,.100,.000,1.000,3.6,0.4,0.3,0.2,-0.1,-.136,-12.1,-0.1
237,2016,50,IND,Georges Niang,8,465,7797,3262,1082,423,.441,.397,.866,16.8,7.0,2.3,0.9,13.1,.080,-1.6,0.8
239,2016,52,UTA,Joel Bolomboy,2,18,91,31,27,2,.545,.200,.500,5.1,1.7,1.5,0.1,0.3,.132,-0.1,0.0
240,2016,53,DEN,Petr Cornelie,1,13,38,14,14,3,.333,.125,.750,2.9,1.1,1.1,0.2,0.0,-.015,-8.8,-0.1
241,2016,54,ATL,Kay Felder,2,58,526,223,59,78,.364,.268,.754,9.1,3.8,1.0,1.3,-0.4,-.041,-4.7,-0.4
242,2016,55,BRK,Marcus Paige,1,5,28,12,4,3,.286,.250,1.000,5.6,2.4,0.8,0.6,0.0,-.006,-8.8,0.0
243,2016,56,DEN,Daniel Hamilton,2,25,232,69,52,30,.394,.357,.500,9.3,2.8,2.1,1.2,0.0,.000,-3.3,-0.1
245,2016,58,BOS,Abdel Nader,5,202,2583,926,376,110,.428,.357,.718,12.8,4.6,1.9,0.5,2.8,.052,-2.6,-0.4
247,2016,60,UTA,Tyrone Wallace,4,112,1714,566,236,127,.422,.207,.656,15.3,5.1,2.1,1.1,0.1,.003,-5.2,-1.4
248,2017,1,PHI,Markelle Fultz,7,234,5939,2595,797,1084,.472,.274,.731,25.4,11.1,3.4,4.6,8.5,.069,-1.1,1.3
249,2017,2,LAL,Lonzo Ball,5,252,8187,2995,1447,1563,.400,.364,.578,32.5,11.9,5.7,6.2,11.4,.067,1.1,6.3
250,2017,3,BOS,Jayson Tatum,7,513,17561,11852,3670,1812,.460,.375,.844,34.2,23.1,7.2,3.5,56.0,.153,3.6,24.6
251,2017,4,PHO,Josh Jackson,5,291,6718,3276,1159,534,.416,.292,.680,23.1,11.3,4.0,1.8,-1.7,-.012,-3.8,-3.1
252,2017,5,SAC,De'Aaron Fox,7,469,15420,9940,1784,2870,.471,.334,.736,32.9,21.2,3.8,6.1,29.6,.092,0.9,11.4
253,2017,6,ORL,Jonathan Isaac,5,205,4550,1717,1045,182,.449,.341,.771,22.2,8.4,5.1,0.9,10.6,.112,1.0,3.5
254,2017,7,MIN,Lauri Markkanen,7,403,12482,7308,2923,587,.459,.375,.866,31.0,18.1,7.3,1.5,31.0,.119,1.2,9.9
255,2017,8,NYK,Frank Ntilikina,7,321,5454,1535,563,693,.369,.320,.762,17.0,4.8,1.8,2.2,0.3,.003,-4.4,-3.4
256,2017,9,DAL,Dennis Smith Jr.,7,326,7601,3160,967,1381,.407,.298,.674,23.3,9.7,3.0,4.2,2.3,.015,-2.1,-0.2
257,2017,10,SAC,Zach Collins,6,314,6160,2606,1539,574,.479,.336,.750,19.6,8.3,4.9,1.8,9.2,.071,-1.7,0.4
258,2017,11,CHO,Malik Monk,7,458,9889,5327,1132,1295,.433,.355,.844,21.6,11.6,2.5,2.8,12.4,.060,-1.1,2.2
259,2017,12,DET,Luke Kennard,7,395,9287,3941,1118,830,.454,.439,.879,23.5,10.0,2.8,2.1,19.7,.102,-0.2,4.3
260,2017,13,DEN,Donovan Mitchell,7,468,16011,11619,2002,2176,.450,.366,.843,34.2,24.8,4.3,4.6,44.4,.133,3.4,22.0
261,2017,14,MIA,Bam Adebayo,7,489,14680,7513,4275,1707,.547,.221,.755,30.0,15.4,8.7,3.5,50.1,.164,2.6,17.2
262,2017,15,POR,Justin Jackson,7,280,4886,1676,654,285,.423,.319,.796,17.5,6.0,2.3,1.0,5.3,.052,-2.8,-1.0
263,2017,16,CHI,Justin Patton,4,22,296,86,60,19,.404,.250,.667,13.5,3.9,2.7,0.9,0.4,.066,-2.8,-0.1
264,2017,17,MIL,D.J. Wilson,6,148,1818,657,454,110,.422,.331,.618,12.3,4.4,3.1,0.7,2.9,.077,-2.4,-0.2
265,2017,18,IND,T.J. Leaf,4,146,1238,477,283,43,.492,.341,.585,8.5,3.3,1.9,0.3,2.7,.104,-1.8,0.1
266,2017,19,ATL,John Collins,7,432,12519,6795,3478,617,.548,.358,.785,29.0,15.7,8.1,1.4,36.7,.141,0.6,8.3
267,2017,20,POR,Harry Giles,4,165,1935,888,573,180,.508,.244,.661,11.7,5.4,3.5,1.1,3.1,.076,-2.5,-0.2
268,2017,21,OKC,Terrance Ferguson,4,204,4000,924,263,144,.404,.334,.753,19.6,4.5,1.3,0.7,4.4,.053,-4.0,-2.1
269,2017,22,BRK,Jarrett Allen,7,486,13725,6185,4441,790,.630,.171,.711,28.2,12.7,9.1,1.6,55.1,.193,2.1,14.1
270,2017,23,TOR,OG Anunoby,7,418,12148,5001,1786,667,.474,.376,.745,29.1,12.0,4.3,1.6,24.8,.098,0.1,6.4
271,2017,24,UTA,Tyler Lydon,2,26,96,23,18,6,.500,.400,.333,3.7,0.9,0.7,0.2,0.2,.084,-4.3,-0.1
272,2017,25,ORL,Anžejs Pasečņiks,2,28,443,156,108,19,.521,.000,.586,15.8,5.6,3.9,0.7,0.4,.038,-6.2,-0.5
273,2017,26,POR,Caleb Swanigan,3,75,655,169,218,56,.438,.118,.614,8.7,2.3,2.9,0.7,-0.2,-.015,-6.2,-0.7
274,2017,27,BRK,Kyle Kuzma,7,476,14919,8246,3043,1294,.451,.337,.733,31.3,17.3,6.4,2.7,15.3,.049,-1.1,3.4
275,2017,28,LAL,Tony Bradley,6,179,1994,792,729,90,.631,.500,.681,11.1,4.4,4.1,0.5,7.5,.181,0.2,1.1
276,2017,29,SAS,Derrick White,7,418,11507,5151,1467,1704,.450,.363,.854,27.5,12.3,3.5,4.1,31.2,.130,1.9,11.4
277,2017,30,UTA,Josh Hart,7,453,13232,4422,2969,1235,.459,.344,.748,29.2,9.8,6.6,2.7,27.4,.099,0.0,6.6
280,2017,31,CHO,Frank Jackson,5,214,3873,1816,392,222,.421,.332,.786,18.1,8.5,1.8,1.0,2.5,.031,-3.9,-1.9
281,2017,32,PHO,Davon Reed,4,122,1299,373,212,92,.408,.385,.667,10.6,3.1,1.7,0.8,1.5,.054,-2.9,-0.3
282,2017,33,ORL,Wes Iwundu,5,226,3827,989,555,208,.408,.292,.798,16.9,4.4,2.5,0.9,4.2,.053,-3.9,-1.8
283,2017,34,SAC,Frank Mason III,4,103,1616,695,204,272,.396,.301,.755,15.7,6.7,2.0,2.6,1.2,.035,-2.7,-0.3
284,2017,35,ORL,Ivan Rabb,2,85,1237,485,364,86,.555,.200,.743,14.6,5.7,4.3,1.0,3.2,.125,-1.7,0.1
285,2017,36,PHI,Jonah Bolden,2,51,686,217,174,40,.486,.340,.484,13.5,4.3,3.4,0.8,1.4,.098,-1.3,0.1
286,2017,37,BOS,Semi Ojeleye,5,284,4111,975,613,126,.384,.344,.717,14.5,3.4,2.2,0.4,5.2,.061,-3.4,-1.5
287,2017,38,CHI,Jordan Bell,5,161,1937,593,497,201,.552,.200,.636,12.0,3.7,3.1,1.2,4.9,.121,0.2,1.1
288,2017,39,PHI,Jawun Evans,2,56,843,237,96,110,.345,.263,.776,15.1,4.2,1.7,2.0,-0.4,-.022,-5.4,-0.7
289,2017,40,NOP,Dwayne Bacon,4,207,4012,1503,537,230,.402,.314,.780,19.4,7.3,2.6,1.1,0.8,.010,-5.1,-3.1
290,2017,41,ATL,Tyler Dorsey,3,107,1680,710,245,135,.392,.351,.669,15.7,6.6,2.3,1.3,1.1,.031,-3.0,-0.5
291,2017,42,UTA,Thomas Bryant,7,267,4947,2529,1451,273,.596,.355,.768,18.5,9.5,5.4,1.0,17.4,.168,1.1,3.9
292,2017,43,HOU,Isaiah Hartenstein,6,322,5784,1947,1812,538,.596,.310,.689,18.0,6.0,5.6,1.7,21.2,.176,1.8,5.5
293,2017,44,NYK,Damyean Dotson,5,213,4242,1594,532,315,.417,.345,.711,19.9,7.5,2.5,1.5,3.0,.034,-2.8,-0.9
294,2017,45,HOU,Dillon Brooks,7,417,12115,5917,1319,854,.418,.345,.802,29.1,14.2,3.2,2.0,9.6,.038,-3.8,-5.5
295,2017,46,PHI,Sterling Brown,6,268,4458,1431,891,268,.419,.363,.796,16.6,5.3,3.3,1.0,6.6,.071,-2.1,-0.1
297,2017,48,MIL,Sindarius Thornwell,4,160,1721,401,206,111,.407,.340,.672,10.8,2.5,1.3,0.7,1.1,.032,-3.1,-0.5
298,2017,49,DEN,Vlatko Čančar,4,130,1391,461,219,114,.479,.361,.847,10.7,3.5,1.7,0.9,2.5,.087,-2.1,0.0
300,2017,51,DEN,Monte Morris,7,375,9237,3747,922,1437,.477,.391,.824,24.6,10.0,2.5,3.8,23.9,.124,0.4,5.6
301,2017,52,NOP,Edmond Sumner,5,161,2256,997,244,182,.470,.341,.811,14.0,6.2,1.5,1.1,3.2,.069,-3.0,-0.6
302,2017,53,BOS,Kadeem Allen,3,47,640,258,71,109,.435,.349,.757,13.6,5.5,1.5,2.3,1.0,.075,-1.2,0.1
303,2017,54,PHO,Alec Peters,1,20,225,82,37,12,.378,.310,.800,11.3,4.1,1.9,0.6,0.3,.055,-2.8,0.0
304,2017,55,UTA,Nigel Williams-Goss,1,10,50,14,6,6,.313,.286,1.000,5.0,1.4,0.6,0.6,0.0,.017,-3.9,0.0
305,2017,56,BOS,Jabari Bird,1,13,115,39,19,8,.577,.429,.462,8.8,3.0,1.5,0.6,0.2,.098,-3.1,0.0
306,2017,57,BRK,Sasha Vezenkov,1,42,511,225,96,19,.440,.375,.800,12.2,5.4,2.3,0.5,1.0,.098,-0.9,0.1
308,2017,59,SAS,Jaron Blossomgame,1,27,439,114,98,13,.443,.256,.769,16.3,4.2,3.6,0.5,0.3,.030,-3.8,-0.2
310,2018,1,PHO,Deandre Ayton,6,358,11066,5966,3761,585,.592,.244,.761,30.9,16.7,10.5,1.6,34.8,.151,1.0,8.3
311,2018,2,SAC,Marvin Bagley III,6,258,6209,3343,1805,242,.518,.296,.692,24.1,13.0,7.0,0.9,12.0,.093,-1.6,0.6
312,2018,3,ATL,Luka Dončić,6,400,13943,11470,3472,3317,.470,.347,.747,34.9,28.7,8.7,8.3,51.2,.176,7.8,34.3
313,2018,4,MEM,Jaren Jackson Jr.,6,333,9432,5877,1841,454,.460,.345,.795,28.3,17.6,5.5,1.4,22.4,.114,0.6,6.3
314,2018,5,DAL,Trae Young,6,407,13883,10379,1451,3868,.436,.355,.873,34.1,25.5,3.6,9.5,37.6,.130,3.0,17.5
315,2018,6,ORL,Mo Bamba,6,332,5702,2323,1835,288,.478,.361,.681,17.2,7.0,5.5,0.9,14.6,.123,0.1,3.0
316,2018,7,CHI,Wendell Carter Jr.,6,315,8689,3947,2681,631,.517,.334,.727,27.6,12.5,8.5,2.0,22.5,.124,-0.1,4.2
317,2018,8,CLE,Collin Sexton,6,344,10399,6499,973,1241,.469,.383,.834,30.2,18.9,2.8,3.6,13.4,.062,-1.5,1.3
318,2018,9,NYK,Kevin Knox,6,306,5522,2276,876,228,.392,.341,.723,18.0,7.4,2.9,0.7,0.7,.006,-4.5,-3.5
319,2018,10,PHI,Mikal Bridges,6,474,15478,6760,1948,1211,.480,.375,.846,32.7,14.3,4.1,2.6,36.3,.113,0.9,11.4
320,2018,11,CHO,Shai Gilgeous-Alexander,6,386,12693,8810,1832,1876,.496,.349,.852,32.9,22.8,4.7,4.9,43.6,.165,4.3,20.2
321,2018,12,LAC,Miles Bridges,5,360,11041,5342,2146,887,.470,.347,.813,30.7,14.8,6.0,2.5,18.2,.079,-0.4,4.4
322,2018,13,LAC,Jerome Robinson,4,135,1685,545,214,136,.361,.297,.711,12.5,4.0,1.6,1.0,-0.2,-.004,-4.8,-1.2
323,2018,14,DEN,Michael Porter Jr.,5,268,7443,4199,1669,320,.499,.410,.807,27.8,15.7,6.2,1.2,20.1,.130,0.9,5.5
324,2018,15,WAS,Troy Brown Jr.,6,356,6778,2196,1288,508,.423,.351,.783,19.0,6.2,3.6,1.4,8.6,.061,-1.8,0.4
325,2018,16,PHO,Zhaire Smith,2,13,143,48,15,12,.378,.316,.667,11.0,3.7,1.2,0.9,0.0,.011,-6.1,-0.1
326,2018,17,MIL,Donte DiVincenzo,6,354,9004,3746,1555,974,.428,.376,.771,25.4,10.6,4.4,2.8,20.0,.107,1.0,6.7
327,2018,18,SAS,Lonnie Walker IV,6,322,6548,3171,728,468,.422,.356,.795,20.3,9.8,2.3,1.5,4.6,.033,-2.5,-0.9
328,2018,19,ATL,Kevin Huerter,6,413,11887,4920,1433,1258,.444,.382,.766,28.8,11.9,3.5,3.0,17.2,.070,-0.8,3.5
329,2018,20,MIN,Josh Okogie,6,376,7327,2358,1117,447,.402,.293,.748,19.5,6.3,3.0,1.2,10.3,.067,-2.1,-0.2
330,2018,21,UTA,Grayson Allen,6,339,8683,3570,1022,675,.452,.412,.866,25.6,10.5,3.0,2.0,20.0,.111,0.0,4.5
331,2018,22,CHI,Chandler Hutchison,4,103,1790,558,376,79,.442,.309,.643,17.4,5.4,3.7,0.8,1.1,.030,-3.9,-0.9
332,2018,23,IND,Aaron Holiday,6,386,6574,2557,631,817,.419,.380,.854,17.0,6.6,1.6,2.1,8.1,.059,-2.1,-0.2
333,2018,24,POR,Anfernee Simons,6,319,8128,4489,784,928,.432,.386,.873,25.5,14.1,2.5,2.9,8.6,.051,-1.5,1.1
334,2018,25,LAL,Moritz Wagner,6,333,5487,2942,1288,397,.521,.320,.820,16.5,8.8,3.9,1.2,14.9,.130,-0.1,2.6
335,2018,26,PHI,Landry Shamet,6,348,7627,3027,601,570,.408,.384,.840,21.9,8.7,1.7,1.6,12.1,.076,-2.0,0.0
336,2018,27,BOS,Robert Williams,6,215,4403,1575,1485,304,.729,.000,.660,20.5,7.3,6.9,1.4,22.6,.246,4.8,7.5
337,2018,28,GSW,Jacob Evans,2,59,622,168,66,54,.337,.315,.833,10.5,2.8,1.1,0.9,-0.6,-.047,-7.4,-0.8
338,2018,29,BRK,Džanan Musa,2,49,526,211,91,45,.376,.227,.726,10.7,4.3,1.9,0.9,0.0,.003,-4.6,-0.4
339,2018,30,ATL,Omari Spellman,2,95,1691,642,413,94,.417,.366,.766,17.8,6.8,4.3,1.0,2.4,.068,-1.5,0.2
342,2018,31,PHO,Elie Okobo,2,108,1677,523,188,242,.395,.315,.737,15.5,4.8,1.7,2.2,0.5,.014,-4.1,-0.9
343,2018,32,MEM,Jevon Carter,6,376,5958,1992,648,611,.396,.383,.798,15.8,5.3,1.7,1.6,8.2,.066,-1.4,0.8
344,2018,33,DAL,Jalen Brunson,6,422,11939,7131,1362,1974,.489,.391,.824,28.3,16.9,3.2,4.7,37.2,.150,2.1,12.4
345,2018,34,ATL,Devonte' Graham,6,336,8359,3733,758,1448,.371,.354,.812,24.9,11.1,2.3,4.3,12.7,.073,-0.5,3.2
346,2018,35,ORL,Melvin Frazier,3,32,290,87,28,5,.340,.209,.533,9.1,2.7,0.9,0.2,-0.4,-.062,-10.0,-0.6
348,2018,37,SAC,Gary Trent Jr.,6,341,9805,4874,815,512,.422,.386,.819,28.8,14.3,2.4,1.5,15.8,.077,-1.0,2.4
349,2018,38,PHI,Khyri Thomas,3,39,409,160,39,36,.388,.316,.750,10.5,4.1,1.0,0.9,0.5,.058,-2.7,-0.1
350,2018,39,PHI,Isaac Bonga,4,143,1871,439,320,118,.432,.300,.759,13.1,3.1,2.2,0.8,1.7,.044,-3.6,-0.7
351,2018,40,BRK,Rodions Kurucs,3,131,2103,780,406,113,.444,.329,.739,16.1,6.0,3.1,0.9,2.3,.052,-2.8,-0.4
352,2018,41,ORL,Jarred Vanderbilt,6,273,5594,1661,1744,395,.568,.290,.645,20.5,6.1,6.4,1.4,15.4,.132,0.2,3.0
353,2018,42,DET,Bruce Brown,6,416,10454,3705,1765,1033,.481,.337,.764,25.1,8.9,4.2,2.5,19.3,.088,-1.3,1.9
356,2018,45,BRK,Hamidou Diallo,6,265,4918,2272,1009,283,.495,.274,.623,18.6,8.6,3.8,1.1,6.2,.060,-2.1,-0.1
357,2018,46,HOU,De'Anthony Melton,6,350,8026,3169,1296,971,.410,.369,.782,22.9,9.1,3.7,2.8,14.1,.084,0.6,5.3
358,2018,47,LAL,Svi Mykhailiuk,6,293,4626,1835,499,386,.404,.363,.760,15.8,6.3,1.7,1.3,4.2,.044,-2.4,-0.4
359,2018,48,MIN,Keita Bates-Diop,6,283,4566,1697,848,241,.474,.333,.751,16.1,6.0,3.0,0.9,7.4,.078,-1.6,0.5
360,2018,49,SAS,Chimezie Metu,6,260,3565,1522,908,197,.495,.298,.787,13.7,5.9,3.5,0.8,5.7,.076,-1.6,0.3
361,2018,50,IND,Alize Johnson,5,76,568,189,228,32,.481,.227,.711,7.5,2.5,3.0,0.4,1.3,.108,-2.4,-0.1
364,2018,53,OKC,Devon Hall,1,11,81,20,7,13,.200,.235,.500,7.4,1.8,0.6,1.2,-0.2,-.116,-6.7,-0.1
365,2018,54,DAL,Shake Milton,6,302,5861,2584,679,754,.451,.358,.827,19.4,8.6,2.2,2.5,10.4,.085,-2.0,0.0
367,2018,56,PHI,Ray Spalding,2,16,167,58,52,5,.529,.000,.286,10.4,3.6,3.3,0.3,0.1,.024,-6.2,-0.2
369,2018,58,DEN,Thomas Welsh,1,11,36,18,4,5,.538,.429,.500,3.3,1.6,0.4,0.5,0.1,.162,1.2,0.0
370,2018,59,PHO,George King,2,5,25,1,6,0,.000,.000,.500,5.0,0.2,1.2,0.0,-0.1,-.225,-17.2,-0.1
372,2019,1,NOP,Zion Williamson,4,184,5857,4542,1199,761,.592,.341,.695,31.8,24.7,6.5,4.1,21.7,.178,4.6,9.8
373,2019,2,MEM,Ja Morant,5,257,8282,5783,1243,1903,.472,.318,.755,32.2,22.5,4.8,7.4,20.5,.119,2.8,10.1
374,2019,3,NYK,RJ Barrett,5,329,10945,6070,1784,962,.435,.346,.710,33.3,18.4,5.4,2.9,10.9,.048,-2.1,-0.4
375,2019,4,LAL,De'Andre Hunter,5,263,8080,3751,1078,405,.447,.363,.811,30.7,14.3,4.1,1.5,7.6,.045,-3.2,-2.5
376,2019,5,CLE,Darius Garland,5,307,10392,5660,801,2052,.448,.384,.864,33.9,18.4,2.6,6.7,16.5,.076,-0.3,4.3
377,2019,6,PHO,Jarrett Culver,4,144,2480,934,402,173,.401,.276,.509,17.2,6.5,2.8,1.2,-0.1,-.001,-4.5,-1.6
378,2019,7,CHI,Coby White,5,348,10116,4896,1266,1288,.427,.369,.848,29.1,14.1,3.6,3.7,13.5,.064,-1.7,0.8
379,2019,8,ATL,Jaxson Hayes,5,311,4929,2111,1174,201,.636,.268,.707,15.8,6.8,3.8,0.6,16.4,.160,-0.4,2.0
380,2019,9,WAS,Rui Hachimura,5,278,7476,3543,1343,356,.493,.371,.763,26.9,12.7,4.8,1.3,11.3,.072,-2.2,-0.4
381,2019,10,ATL,Cam Reddish,5,221,5287,2046,612,275,.398,.324,.833,23.9,9.3,2.8,1.2,2.6,.023,-3.2,-1.6
382,2019,11,MIN,Cameron Johnson,5,283,7220,3325,1095,470,.447,.392,.830,25.5,11.7,3.9,1.7,17.7,.118,1.2,5.9
383,2019,12,CHO,P.J. Washington,5,333,10082,4285,1840,747,.447,.354,.705,30.3,12.9,5.5,2.2,12.5,.059,-1.2,1.9
384,2019,13,MIA,Tyler Herro,5,284,9038,5147,1403,1036,.440,.385,.872,31.8,18.1,4.9,3.6,12.5,.067,-0.1,4.5
385,2019,14,BOS,Romeo Langford,4,141,2268,650,298,97,.430,.288,.659,16.1,4.6,2.1,0.7,2.0,.043,-3.4,-0.8
386,2019,15,DET,Sekou Doumbouya,3,96,1639,542,267,66,.388,.256,.693,17.1,5.6,2.8,0.7,-0.4,-.013,-6.5,-1.8
387,2019,16,ORL,Chuma Okeke,4,189,3832,1189,704,276,.383,.318,.789,20.3,6.3,3.7,1.5,4.4,.055,-1.1,0.9
388,2019,17,BRK,Nickeil Alexander-Walker,5,299,5869,2485,683,659,.407,.354,.730,19.6,8.3,2.3,2.2,6.0,.049,-1.5,0.8
389,2019,18,IND,Goga Bitadze,5,249,3175,1230,856,233,.515,.245,.672,12.8,4.9,3.4,0.9,9.1,.137,0.0,1.6
390,2019,19,SAS,Luka Šamanić,4,86,921,384,210,55,.411,.247,.706,10.7,4.5,2.4,0.6,0.0,.001,-5.6,-0.8
391,2019,20,BOS,Matisse Thybulle,5,332,6957,1586,658,360,.435,.338,.679,21.0,4.8,2.0,1.1,13.2,.091,0.7,4.7
392,2019,21,OKC,Brandon Clarke,5,243,5185,2602,1357,343,.603,.286,.697,21.3,10.7,5.6,1.4,20.2,.187,2.8,6.2
393,2019,22,BOS,Grant Williams,5,364,8231,2558,1311,515,.453,.377,.768,22.6,7.0,3.6,1.4,14.8,.086,-1.9,0.3
394,2019,23,UTA,Darius Bazley,5,237,5536,2113,1244,282,.414,.309,.677,23.4,8.9,5.2,1.2,3.1,.027,-2.4,-0.6
395,2019,24,PHI,Ty Jerome,5,159,2748,1108,294,411,.421,.352,.826,17.3,7.0,1.8,2.6,3.9,.069,-1.6,0.3
396,2019,25,POR,Nassir Little,5,237,3735,1313,688,170,.452,.330,.735,15.8,5.5,2.9,0.7,4.7,.061,-2.6,-0.5
397,2019,26,CLE,Dylan Windler,4,101,1090,319,212,78,.425,.347,.800,10.8,3.2,2.1,0.8,1.6,.072,-1.4,0.2
398,2019,27,BRK,Mfiondu Kabengele,3,55,380,143,81,19,.383,.301,.852,6.9,2.6,1.5,0.3,0.4,.055,-3.6,-0.2
399,2019,28,GSW,Jordan Poole,5,344,9349,5551,907,1249,.419,.336,.878,27.2,16.1,2.6,3.6,9.3,.048,-2.2,-0.4
400,2019,29,SAS,Keldon Johnson,5,293,8762,4782,1621,672,.465,.358,.760,29.9,16.3,5.5,2.3,13.5,.074,-1.3,1.6
401,2019,30,MIL,Kevin Porter Jr.,4,196,5928,3008,842,987,.431,.357,.725,30.2,15.3,4.3,5.0,4.0,.032,-1.6,0.7
404,2019,31,BRK,Nic Claxton,5,241,6142,2490,1882,378,.661,.158,.544,25.5,10.3,7.8,1.6,21.8,.170,1.6,5.6
405,2019,32,PHO,KZ Okpala,4,98,965,222,148,47,.409,.286,.667,9.8,2.3,1.5,0.5,1.0,.050,-4.7,-0.7
406,2019,33,PHI,Carsen Edwards,3,72,706,267,79,52,.364,.297,.758,9.8,3.7,1.1,0.7,0.3,.019,-5.1,-0.5
407,2019,34,PHI,Bruno Fernando,5,203,2179,814,661,143,.544,.122,.650,10.7,4.0,3.3,0.7,3.6,.078,-3.1,-0.6
408,2019,35,ATL,Didi Louzada,2,12,185,43,20,8,.326,.355,1.000,15.4,3.6,1.7,0.7,-0.1,-.034,-8.1,-0.3
409,2019,36,CHO,Cody Martin,5,206,4505,1235,737,475,.442,.317,.651,21.9,6.0,3.6,2.3,5.9,.063,-1.7,0.3
410,2019,37,DAL,Deividas Sirvydis,2,23,160,44,35,6,.300,.314,.500,7.0,1.9,1.5,0.3,-0.1,-.032,-5.9,-0.2
411,2019,38,CHI,Daniel Gafford,5,321,6263,2796,1739,317,.711,.000,.668,19.5,8.7,5.4,1.0,25.2,.193,1.5,5.6
412,2019,39,NOP,Alen Smailagić,2,29,223,87,43,17,.463,.304,.720,7.7,3.0,1.5,0.6,0.3,.056,-3.3,-0.1
413,2019,40,SAC,Justin James,2,72,542,228,62,40,.446,.343,.544,7.5,3.2,0.9,0.6,0.3,.024,-3.1,-0.2
414,2019,41,GSW,Eric Paschall,3,158,3086,1552,509,214,.494,.326,.758,19.5,9.8,3.2,1.4,5.0,.078,-2.2,-0.1
415,2019,42,PHI,Admiral Schofield,4,131,1372,426,215,78,.417,.326,.782,10.5,3.3,1.6,0.6,1.2,.043,-4.6,-0.9
416,2019,43,MIN,Jaylen Nowell,5,197,3351,1748,425,362,.446,.317,.798,17.0,8.9,2.2,1.8,4.9,.070,-1.9,0.1
417,2019,44,MIA,Bol Bol,5,166,2302,999,605,104,.550,.327,.745,13.9,6.0,3.6,0.6,4.1,.086,-0.6,0.8
418,2019,45,DET,Isaiah Roby,4,151,2858,1159,667,216,.485,.351,.675,18.9,7.7,4.4,1.4,4.0,.068,-2.3,-0.2
419,2019,46,ORL,Talen Horton-Tucker,5,247,5218,2430,700,769,.423,.293,.778,21.1,9.8,2.8,3.1,4.9,.045,-1.9,0.1
420,2019,47,SAC,Ignas Brazdeikis,3,64,838,318,122,58,.416,.315,.686,13.1,5.0,1.9,0.9,0.4,.024,-4.9,-0.6
421,2019,48,LAC,Terance Mann,5,345,7687,2814,1252,669,.503,.373,.793,22.3,8.2,3.6,1.9,18.5,.115,-0.7,2.5
422,2019,49,SAS,Quinndary Weatherspoon,3,42,272,88,32,24,.452,.188,.826,6.5,2.1,0.8,0.6,0.2,.030,-5.5,-0.2
423,2019,50,IND,Jarrell Brantley,3,41,273,110,53,29,.457,.380,.833,6.7,2.7,1.3,0.7,0.6,.108,0.0,0.1
424,2019,51,BOS,Tremont Waters,3,40,407,149,37,85,.354,.296,.960,10.2,3.7,0.9,2.1,0.1,.012,-3.0,-0.1
425,2019,52,CHO,Jalen McDaniels,5,248,4543,1699,829,291,.449,.322,.777,18.3,6.9,3.3,1.2,5.3,.056,-3.3,-1.5
426,2019,53,UTA,Justin Wright-Foreman,1,4,45,19,5,7,.350,.200,.750,11.3,4.8,1.3,1.8,0.0,-.008,-9.0,-0.1
427,2019,54,PHI,Marial Shayok,1,4,28,11,7,1,.250,.333,.750,7.0,2.8,1.8,0.3,-0.1,-.130,-13.0,-0.1
428,2019,55,NYK,Kyle Guy,3,53,431,165,53,50,.361,.303,.750,8.1,3.1,1.0,0.9,0.1,.006,-4.9,-0.3
431,2019,58,GSW,Miye Oni,3,80,672,145,108,37,.350,.330,.750,8.4,1.8,1.4,0.5,1.0,.070,-2.5,-0.1
432,2019,59,TOR,Dewan Hernandez,1,6,28,14,14,3,.357,.500,.600,4.7,2.3,2.3,0.5,0.0,.043,-9.6,-0.1
434,2020,1,MIN,Anthony Edwards,4,302,10392,6920,1567,1241,.446,.353,.793,34.4,22.9,5.2,4.1,16.5,.076,0.9,7.7
435,2020,2,GSW,James Wiseman,3,147,2794,1344,829,110,.560,.267,.681,19.0,9.1,5.6,0.7,4.3,.073,-3.9,-1.4
436,2020,3,CHO,LaMelo Ball,4,184,5870,3675,1147,1364,.427,.374,.834,31.9,20.0,6.2,7.4,11.6,.095,2.8,7.1
437,2020,4,CHI,Patrick Williams,4,213,5902,2070,889,280,.469,.410,.780,27.7,9.7,4.2,1.3,8.0,.065,-1.9,0.2
438,2020,5,CLE,Isaac Okoro,4,279,7693,2371,800,468,.467,.347,.732,27.6,8.5,2.9,1.7,13.5,.084,-2.2,-0.4
439,2020,6,ATL,Onyeka Okongwu,4,233,4847,1972,1398,226,.640,.318,.754,20.8,8.5,6.0,1.0,17.7,.175,0.2,2.7
440,2020,7,DET,Killian Hayes,4,210,5479,1704,619,1090,.382,.277,.775,26.1,8.1,2.9,5.2,-0.5,-.004,-3.9,-2.7
441,2020,8,NYK,Obi Toppin,4,283,4693,2241,913,300,.520,.351,.768,16.6,7.9,3.2,1.1,12.3,.126,0.9,3.4
442,2020,9,WAS,Deni Avdija,4,287,7518,2826,1714,727,.457,.327,.737,26.2,9.8,6.0,2.5,9.1,.058,-1.9,0.3
443,2020,10,PHO,Jalen Smith,4,207,3406,1766,1075,157,.517,.335,.740,16.5,8.5,5.2,0.8,9.1,.128,-0.4,1.3
444,2020,11,SAS,Devin Vassell,4,239,6419,3239,889,605,.444,.369,.809,26.9,13.6,3.7,2.5,9.7,.072,-0.3,2.7
445,2020,12,SAC,Tyrese Haliburton,4,260,8547,4483,960,2274,.478,.393,.856,32.9,17.2,3.7,8.7,27.2,.153,4.5,14.0
446,2020,13,NOP,Kira Lewis Jr.,4,131,1745,687,169,233,.397,.294,.848,13.3,5.2,1.3,1.8,1.3,.036,-3.5,-0.6
447,2020,14,BOS,Aaron Nesmith,4,243,5054,2029,768,251,.452,.374,.808,20.8,8.3,3.2,1.0,7.6,.072,-2.2,-0.2
448,2020,15,ORL,Cole Anthony,4,253,6701,3385,1168,1032,.418,.343,.851,26.5,13.4,4.6,4.1,8.9,.064,-0.7,2.2
449,2020,16,POR,Isaiah Stewart,4,235,6108,2196,1778,284,.498,.348,.727,26.0,9.3,7.6,1.2,11.1,.087,-2.2,-0.4
450,2020,17,MIN,Aleksej Pokusevski,4,168,3429,1253,778,327,.391,.304,.702,20.4,7.5,4.6,1.9,-0.2,-.002,-3.1,-1.0
451,2020,18,DAL,Josh Green,4,223,4528,1435,605,340,.503,.375,.689,20.3,6.4,2.7,1.5,7.7,.082,-2.3,-0.4
452,2020,19,BRK,Saddiq Bey,4,292,8804,4103,1532,538,.408,.352,.842,30.2,14.1,5.2,1.8,14.6,.079,-0.7,2.9
453,2020,20,MIA,Precious Achiuwa,4,263,5226,2041,1496,258,.481,.307,.608,19.9,7.8,5.7,1.0,9.5,.087,-2.4,-0.5
454,2020,21,PHI,Tyrese Maxey,4,266,8227,4833,778,1086,.468,.396,.862,30.9,18.2,2.9,4.1,22.7,.132,1.2,6.6
455,2020,22,DEN,Zeke Nnaji,4,194,2399,869,476,77,.512,.370,.662,12.4,4.5,2.5,0.4,5.4,.109,-2.9,-0.6
456,2020,23,NYK,Leandro Bolmaro,2,49,309,56,50,28,.270,.227,.846,6.3,1.1,1.0,0.6,-0.3,-.048,-7.8,-0.5
457,2020,24,MIL,R.J. Hampton,4,170,3116,1155,466,307,.408,.338,.679,18.3,6.8,2.7,1.8,0.8,.013,-3.8,-1.4
458,2020,25,OKC,Immanuel Quickley,4,291,7374,3978,980,1012,.421,.375,.857,25.3,13.7,3.4,3.5,18.9,.123,1.1,5.7
459,2020,26,BOS,Payton Pritchard,4,267,4737,2009,645,604,.444,.395,.862,17.7,7.5,2.4,2.3,12.3,.125,0.1,2.6
461,2020,28,LAL,Jaden McDaniels,4,284,7835,2784,1056,399,.484,.354,.729,27.6,9.8,3.7,1.4,11.6,.071,-2.4,-0.8
462,2020,29,TOR,Malachi Flynn,4,213,3032,1168,369,407,.387,.334,.745,14.2,5.5,1.7,1.9,2.8,.045,-2.6,-0.5
463,2020,30,BOS,Desmond Bane,4,244,7069,4253,1020,810,.468,.415,.879,29.0,17.4,4.2,3.3,19.0,.129,2.2,7.5
466,2020,31,DAL,Tyrell Terry,2,13,59,13,6,6,.353,.000,.333,4.5,1.0,0.5,0.5,0.0,-.035,-4.8,0.0
467,2020,32,CHO,Vernon Carey Jr.,3,37,187,72,50,5,.474,.143,.654,5.1,1.9,1.4,0.1,0.2,.058,-6.3,-0.2
468,2020,33,MIN,Daniel Oturu,2,33,188,63,53,10,.431,.167,.706,5.7,1.9,1.6,0.3,0.3,.086,-5.2,-0.2
469,2020,34,PHI,Théo Maledon,4,177,3753,1373,489,518,.372,.310,.793,21.2,7.8,2.8,2.9,-0.2,-.002,-4.6,-2.4
470,2020,35,SAC,Xavier Tillman Sr.,4,227,3940,1355,935,310,.522,.267,.574,17.4,6.0,4.1,1.4,10.3,.125,0.3,2.3
471,2020,36,PHI,Tyler Bey,1,18,71,18,19,3,.318,.250,.600,3.9,1.0,1.1,0.2,0.0,-.033,-9.5,-0.1
472,2020,37,WAS,Vit Krejci,3,81,1396,358,179,124,.435,.348,.833,17.2,4.4,2.2,1.5,1.4,.047,-4.5,-0.9
473,2020,38,UTA,Saben Lee,4,134,1943,697,260,378,.421,.271,.734,14.5,5.2,1.9,2.8,3.5,.085,-1.4,0.3
474,2020,39,NOP,Elijah Hughes,2,54,498,157,67,28,.328,.280,.769,9.2,2.9,1.2,0.5,-0.4,-.039,-6.4,-0.5
475,2020,40,MEM,Robert Woodard II,2,25,87,27,27,5,.278,.200,.500,3.5,1.1,1.1,0.2,-0.1,-.077,-7.7,-0.1
476,2020,41,SAS,Tre Jones,4,251,5539,2153,710,1198,.481,.301,.843,22.1,8.6,2.8,4.8,11.6,.101,-0.8,1.7
477,2020,42,NOP,Nick Richards,4,200,3406,1349,1052,107,.661,.333,.736,17.0,6.7,5.3,0.5,10.3,.145,-2.1,-0.1
478,2020,43,SAC,Jahmi'us Ramsey,3,39,349,147,45,21,.416,.271,.680,8.9,3.8,1.2,0.5,-0.1,-.008,-5.4,-0.3
479,2020,44,CHI,Marko Simonovic,2,16,55,23,12,0,.273,.222,.692,3.4,1.4,0.8,0.0,0.0,-.026,-12.3,-0.1
480,2020,45,MIL,Jordan Nwora,4,206,3359,1564,659,216,.433,.376,.807,16.3,7.6,3.2,1.0,3.0,.043,-2.8,-0.7
481,2020,46,POR,CJ Elleby,2,88,1366,407,259,97,.390,.275,.717,15.5,4.6,2.9,1.1,0.5,.018,-5.2,-1.1
483,2020,48,GSW,Nico Mannion,1,30,364,123,46,70,.342,.367,.821,12.1,4.1,1.5,2.3,0.2,.029,-3.9,-0.2
484,2020,49,PHI,Isaiah Joe,4,247,3832,1678,447,242,.427,.397,.841,15.5,6.8,1.8,1.0,8.4,.105,-0.4,1.5
485,2020,50,ATL,Skylar Mays,4,105,1111,451,122,182,.445,.345,.859,10.6,4.3,1.2,1.7,2.1,.092,-0.7,0.4
487,2020,52,SAC,KJ Martin,4,266,5762,2378,1122,323,.544,.337,.662,21.7,8.9,4.2,1.2,11.1,.093,-1.5,0.7
488,2020,53,OKC,Cassius Winston,2,29,137,55,10,19,.409,.435,.900,4.7,1.9,0.3,0.7,0.1,.051,-4.9,-0.1
489,2020,54,IND,Cassius Stanley,2,33,248,88,39,5,.360,.233,.895,7.5,2.7,1.2,0.2,0.0,-.006,-7.9,-0.4
490,2020,55,BRK,Jay Scrubb,3,24,235,97,36,10,.416,.313,.765,9.8,4.0,1.5,0.4,-0.1,-.014,-6.6,-0.3
492,2020,57,LAC,Reggie Perry,2,36,398,170,120,26,.459,.189,.679,11.1,4.7,3.3,0.7,0.4,.048,-5.5,-0.3
493,2020,58,PHI,Paul Reed,4,215,2824,1091,903,164,.555,.312,.690,13.1,5.1,4.2,0.8,9.9,.168,0.3,1.7
494,2020,59,TOR,Jalen Harris,1,13,172,96,18,17,.500,.472,.778,13.2,7.4,1.4,1.3,0.3,.079,0.3,0.1
495,2020,60,NOP,Sam Merrill,4,102,1419,624,166,138,.405,.398,.895,13.9,6.1,1.6,1.4,3.5,.119,0.0,0.7
496,2021,1,DET,Cade Cunningham,3,138,4562,2758,696,892,.432,.329,.858,33.1,20.0,5.0,6.5,1.1,.012,-0.6,1.6
497,2021,2,HOU,Jalen Green,3,225,7341,4450,933,748,.421,.337,.794,32.6,19.8,4.1,3.3,5.6,.036,-1.7,0.5
498,2021,3,CLE,Evan Mobley,3,198,6578,3096,1749,558,.544,.265,.681,33.2,15.6,8.8,2.8,19.3,.141,1.6,5.9
499,2021,4,TOR,Scottie Barnes,3,211,7389,3504,1563,990,.474,.311,.764,35.0,16.6,7.4,4.7,15.9,.103,1.5,6.5
500,2021,5,ORL,Jalen Suggs,3,176,4578,2031,561,569,.422,.333,.753,26.0,11.5,3.2,3.2,4.5,.047,-1.4,0.7
501,2021,6,OKC,Josh Giddey,3,210,6078,2920,1534,1200,.464,.310,.753,28.9,13.9,7.3,5.7,8.6,.068,0.7,4.1
502,2021,7,GSW,Jonathan Kuminga,3,211,4528,2506,820,352,.524,.341,.707,21.5,11.9,3.9,1.7,10.1,.107,-1.1,1.0
503,2021,8,ORL,Franz Wagner,3,231,7375,4103,1066,783,.479,.332,.850,31.9,17.8,4.6,3.4,15.7,.103,0.1,3.9
504,2021,9,SAC,Davion Mitchell,3,227,4624,1690,366,632,.434,.327,.703,20.4,7.4,1.6,2.8,3.0,.031,-3.4,-1.6
505,2021,10,NOP,Ziaire Williams,3,150,2945,1131,388,175,.426,.301,.803,19.6,7.5,2.6,1.2,2.6,.042,-4.0,-1.5
506,2021,11,CHO,James Bouknight,3,79,900,383,133,73,.363,.335,.762,11.4,4.8,1.7,0.9,-0.3,-.017,-5.9,-0.9
507,2021,12,SAS,Joshua Primo,3,56,1068,318,127,99,.371,.300,.750,19.1,5.7,2.3,1.8,-0.3,-.011,-5.3,-0.9
508,2021,13,IND,Chris Duarte,3,160,3157,1312,447,222,.405,.347,.816,19.7,8.2,2.8,1.4,1.6,.024,-3.1,-0.9
509,2021,14,GSW,Moses Moody,3,181,2580,1063,381,131,.460,.362,.758,14.3,5.9,2.1,0.7,5.0,.093,-1.5,0.4
510,2021,15,WAS,Corey Kispert,3,231,5961,2524,641,328,.481,.388,.792,25.8,10.9,2.8,1.4,8.2,.066,-2.0,0.0
511,2021,16,OKC,Alperen Sengun,3,210,5706,3132,1660,788,.528,.284,.705,27.2,14.9,7.9,3.8,14.2,.120,2.0,5.8
512,2021,17,MEM,Trey Murphy III,3,198,5002,2324,708,274,.454,.392,.867,25.3,11.7,3.6,1.4,14.9,.143,1.5,4.4
513,2021,18,OKC,Tre Mann,3,168,3537,1524,475,376,.408,.345,.776,21.1,9.1,2.8,2.2,1.8,.024,-3.4,-1.2
514,2021,19,NYK,Kai Jones,2,67,613,179,134,19,.567,.238,.647,9.1,2.7,2.0,0.3,0.7,.056,-4.3,-0.4
515,2021,20,ATL,Jalen Johnson,3,148,3051,1343,796,289,.506,.328,.694,20.6,9.1,5.4,2.0,6.0,.095,0.6,2.0
516,2021,21,NYK,Keon Johnson,3,82,1173,487,132,138,.363,.346,.760,14.3,5.9,1.6,1.7,-0.9,-.035,-5.6,-1.1
517,2021,22,LAL,Isaiah Jackson,3,158,2354,1135,669,111,.594,.206,.679,14.9,7.2,4.2,0.7,7.4,.151,-0.2,1.1
518,2021,23,HOU,Usman Garuba,3,105,1228,276,397,82,.467,.363,.625,11.7,2.6,3.8,0.8,2.3,.090,-1.4,0.2
519,2021,24,HOU,Josh Christopher,2,138,2120,959,257,223,.455,.277,.740,15.4,6.9,1.9,1.6,0.3,.006,-3.8,-1.0
520,2021,25,LAC,Quentin Grimes,3,168,3932,1433,423,260,.428,.371,.772,23.4,8.5,2.5,1.5,7.5,.091,-0.7,1.3
521,2021,26,DEN,Bones Hyland,3,162,2935,1613,378,456,.398,.361,.844,18.1,10.0,2.3,2.8,3.8,.063,-1.1,0.6
522,2021,27,BRK,Cam Thomas,3,190,4199,2656,470,348,.440,.344,.855,22.1,14.0,2.5,1.8,4.3,.049,-2.2,-0.2
523,2021,28,PHI,Jaden Springer,3,67,602,207,94,52,.418,.226,.820,9.0,3.1,1.4,0.8,0.8,.067,-2.6,-0.1
524,2021,29,PHO,Day'Ron Sharpe,3,141,1864,840,749,139,.565,.364,.612,13.2,6.0,5.3,1.0,5.7,.148,-1.3,0.3
525,2021,30,UTA,Santi Aldama,3,170,3660,1482,810,256,.447,.333,.692,21.5,8.7,4.8,1.5,7.2,.095,-0.4,1.4
528,2021,31,MIL,Isaiah Todd,2,18,135,29,24,8,.222,.192,.500,7.5,1.6,1.3,0.4,-0.3,-.124,-10.2,-0.3
529,2021,32,NYK,Jeremiah Robinson-Earl,3,131,2235,773,530,113,.433,.343,.777,17.1,5.9,4.0,0.9,4.0,.085,-1.9,0.0
530,2021,33,ORL,Jason Preston,2,21,195,53,39,43,.400,.238,.000,9.3,2.5,1.9,2.0,0.1,.023,-2.6,0.0
532,2021,35,NOP,Herbert Jones,3,220,6607,2228,837,528,.482,.373,.824,30.0,10.1,3.8,2.4,15.2,.110,0.0,3.3
533,2021,36,OKC,Miles McBride,3,172,2460,873,192,227,.404,.355,.760,14.3,5.1,1.1,1.3,4.6,.090,-1.4,0.4
534,2021,37,DET,JT Thor,3,165,2012,528,341,84,.418,.320,.644,12.2,3.2,2.1,0.5,1.0,.025,-4.4,-1.2
535,2021,38,CHI,Ayo Dosunmu,3,233,6420,2290,650,704,.504,.370,.770,27.6,9.8,2.8,3.0,10.1,.075,-1.7,0.4
537,2021,40,NOP,Jared Butler,3,88,1003,449,107,197,.453,.328,.808,11.4,5.1,1.2,2.2,1.2,.056,-1.9,0.0
538,2021,41,SAS,Joe Wieskamp,2,38,255,70,18,12,.329,.309,.538,6.7,1.8,0.5,0.3,0.1,.013,-5.3,-0.2
539,2021,42,DET,Isaiah Livers,3,94,2051,581,248,87,.407,.358,.789,21.8,6.2,2.6,0.9,1.6,.037,-3.2,-0.6
540,2021,43,NOP,Greg Brown III,3,70,773,268,163,42,.424,.296,.616,11.0,3.8,2.3,0.6,0.2,.015,-5.1,-0.6
541,2021,44,BRK,Kessler Edwards,3,138,1647,477,275,69,.407,.350,.744,11.9,3.5,2.0,0.5,1.5,.043,-3.5,-0.6
543,2021,46,TOR,Dalano Banton,3,149,2022,904,347,262,.409,.289,.729,13.6,6.1,2.3,1.8,1.3,.031,-1.8,0.1
548,2021,51,MEM,Brandon Boston Jr.,3,105,1353,653,193,84,.396,.313,.776,12.9,6.2,1.8,0.8,0.3,.012,-4.6,-0.9
549,2021,52,DET,Luka Garza,3,85,754,466,194,42,.488,.325,.703,8.9,5.5,2.3,0.5,2.2,.143,-1.8,0.0
550,2021,53,PHI,Charles Bassey,3,77,881,331,331,75,.658,.231,.655,11.4,4.3,4.3,1.0,2.7,.149,1.0,0.7
551,2021,54,IND,Sandro Mamukelashvili,3,130,1518,607,414,133,.454,.330,.726,11.7,4.7,3.2,1.0,3.0,.096,-1.3,0.3
552,2021,55,OKC,Aaron Wiggins,3,198,3734,1437,574,234,.514,.394,.780,18.9,7.3,2.9,1.2,7.5,.097,-1.9,0.1
555,2021,58,NYK,Jericho Sims,3,138,1952,360,558,71,.741,.000,.580,14.1,2.6,4.0,0.5,5.6,.138,-1.2,0.4
556,2021,59,BRK,RaiQuan Gray,2,4,74,39,16,13,.552,.417,1.000,18.5,9.8,4.0,3.3,0.2,.149,2.9,0.1
557,2021,60,IND,Georgios Kalaitzakis,1,13,213,86,21,12,.463,.385,.467,16.4,6.6,1.6,0.9,-0.1,-.024,-7.0,-0.3
558,2022,1,ORL,Paolo Banchero,2,152,5229,3241,1051,700,.442,.321,.731,34.4,21.3,6.9,4.6,7.6,.070,0.0,2.7
559,2022,2,OKC,Chet Holmgren,1,82,2413,1357,648,200,.530,.370,.793,29.4,16.5,7.9,2.4,8.9,.178,3.4,3.3
560,2022,3,HOU,Jabari Smith Jr.,2,155,4875,2054,1185,222,.430,.335,.798,31.5,13.3,7.6,1.4,7.5,.074,-2.0,0.0
561,2022,4,SAC,Keegan Murray,2,157,4970,2148,791,227,.454,.384,.805,31.7,13.7,5.0,1.4,9.5,.092,-0.7,1.6
562,2022,5,DET,Jaden Ivey,2,151,4521,2389,552,683,.422,.339,.748,29.9,15.8,3.7,4.5,0.4,.004,-3.2,-1.4
563,2022,6,IND,Bennedict Mathurin,2,137,3760,2158,552,235,.439,.344,.826,27.4,15.8,4.0,1.7,3.2,.041,-3.6,-1.5
564,2022,7,POR,Shaedon Sharpe,2,112,2838,1299,396,188,.445,.350,.772,25.3,11.6,3.5,1.7,1.7,.028,-3.1,-0.8
565,2022,8,NOP,Dyson Daniels,2,120,2400,581,424,298,.435,.312,.645,20.0,4.8,3.5,2.5,4.2,.085,-0.5,0.9
566,2022,9,SAS,Jeremy Sochan,2,130,3651,1475,771,391,.444,.285,.738,28.1,11.3,5.9,3.0,1.5,.020,-3.6,-1.5
567,2022,10,WAS,Johnny Davis,2,78,1036,315,137,60,.394,.282,.549,13.3,4.0,1.8,0.8,-0.4,-.019,-6.9,-1.3
568,2022,11,NYK,Ousmane Dieng,2,72,934,326,156,83,.421,.280,.744,13.0,4.5,2.2,1.2,0.9,.044,-3.4,-0.3
569,2022,12,OKC,Jalen Williams,2,146,4499,2411,619,570,.532,.395,.813,30.8,16.5,4.2,3.9,12.9,.138,1.3,3.8
570,2022,13,CHO,Jalen Duren,2,128,3447,1453,1304,222,.631,.000,.707,26.9,11.4,10.2,1.7,9.3,.130,-0.4,1.3
571,2022,14,CLE,Ochai Agbaji,2,137,2850,922,337,150,.419,.326,.744,20.8,6.7,2.5,1.1,1.4,.024,-3.8,-1.3
573,2022,16,ATL,AJ Griffin,2,92,1572,687,171,78,.447,.372,.898,17.1,7.5,1.9,0.8,1.8,.053,-1.7,0.1
574,2022,17,HOU,Tari Eason,2,104,2247,975,649,115,.452,.347,.730,21.6,9.4,6.2,1.1,3.8,.082,-1.0,0.6
575,2022,18,CHI,Dalen Terry,2,97,895,265,150,103,.441,.238,.609,9.2,2.7,1.5,1.1,1.3,.071,-1.7,0.1
576,2022,19,MIN,Jake LaRavia,2,70,1220,484,191,79,.389,.339,.822,17.4,6.9,2.7,1.1,1.5,.059,-2.8,-0.3
577,2022,20,SAS,Malaki Branham,2,141,3144,1363,329,283,.436,.325,.850,22.3,9.7,2.3,2.0,-0.4,-.006,-5.4,-2.7
578,2022,21,DEN,Christian Braun,2,158,2836,960,487,191,.473,.373,.672,17.9,6.1,3.1,1.2,5.4,.091,-2.1,-0.1
579,2022,22,MEM,Walker Kessler,2,138,3196,1197,1101,129,.690,.227,.548,23.2,8.7,8.0,0.9,11.2,.168,2.0,3.2
580,2022,23,PHI,David Roddy,2,135,2435,891,404,139,.416,.301,.662,18.0,6.6,3.0,1.0,1.2,.024,-4.4,-1.5
581,2022,24,MIL,MarJon Beauchamp,2,100,1309,477,214,66,.433,.355,.708,13.1,4.8,2.1,0.7,1.1,.040,-4.0,-0.7
582,2022,25,SAS,Blake Wesley,2,98,1545,452,175,265,.398,.299,.639,15.8,4.6,1.8,2.7,-0.7,-.021,-6.4,-1.7
583,2022,26,DAL,Wendell Moore Jr.,2,54,228,60,30,24,.443,.087,.800,4.2,1.1,0.6,0.4,0.2,.036,-2.6,0.0
584,2022,27,MIA,Nikola Jović,2,61,1100,434,223,100,.443,.369,.773,18.0,7.1,3.7,1.6,2.1,.094,-0.4,0.4
585,2022,28,GSW,Patrick Baldwin Jr.,2,69,719,290,163,40,.386,.348,.676,10.4,4.2,2.4,0.6,0.3,.022,-3.8,-0.3
586,2022,29,MEM,TyTy Washington Jr.,2,42,489,159,50,52,.356,.244,.556,11.6,3.8,1.2,1.2,-0.2,-.022,-6.5,-0.6
587,2022,30,OKC,Peyton Watson,2,103,1674,607,295,97,.468,.307,.651,16.3,5.9,2.9,0.9,2.7,.079,-2.3,-0.1
590,2022,31,IND,Andrew Nembhard,2,143,3770,1335,340,621,.467,.353,.797,26.4,9.3,2.4,4.3,3.3,.042,-2.8,-0.7
591,2022,32,ORL,Caleb Houstan,2,110,1627,446,183,59,.376,.359,.818,14.8,4.1,1.7,0.5,2.2,.064,-3.0,-0.4
592,2022,33,TOR,Christian Koloko,1,58,802,182,171,31,.480,.083,.627,13.8,3.1,2.9,0.5,1.7,.104,-3.5,-0.3
593,2022,34,OKC,Jaylin Williams,2,118,1811,564,475,186,.426,.385,.747,15.3,4.8,4.0,1.6,4.3,.114,-0.3,0.8
594,2022,35,LAL,Max Christie,2,108,1456,412,217,81,.424,.378,.806,13.5,3.8,2.0,0.8,1.3,.043,-3.5,-0.5
596,2022,37,SAC,Jaden Hardy,2,121,1697,950,220,174,.420,.379,.800,14.0,7.9,1.8,1.4,1.0,.028,-3.3,-0.6
597,2022,38,SAS,Kennedy Chandler,1,36,281,78,38,58,.422,.133,.462,7.8,2.2,1.1,1.6,0.3,.044,-2.7,0.0
599,2022,40,MIN,Bryce McGowens,2,105,1669,548,195,105,.419,.330,.764,15.9,5.2,1.9,1.0,0.7,.020,-5.4,-1.4
600,2022,41,NOP,E.J. Liddell,1,8,23,4,5,1,.167,.000,1.000,2.9,0.5,0.6,0.1,0.0,-.091,-4.7,0.0
602,2022,43,LAC,Moussa Diabaté,2,33,259,88,74,8,.515,.500,.633,7.8,2.7,2.2,0.2,0.8,.141,-1.2,0.1
603,2022,44,ATL,Ryan Rollins,2,25,140,67,25,20,.447,.462,.826,5.6,2.7,1.0,0.8,0.0,-.010,-3.5,-0.1
604,2022,45,CHO,Josh Minott,2,47,187,96,42,13,.486,.375,.909,4.0,2.0,0.9,0.3,0.7,.183,1.7,0.2
606,2022,47,MEM,Vince Williams Jr.,2,67,1541,551,305,179,.432,.350,.803,23.0,8.2,4.6,2.7,2.7,.084,-1.2,0.3
607,2022,48,MIN,Kendall Brown,2,21,103,30,11,8,.545,.000,.600,4.9,1.4,0.5,0.4,0.1,.055,-5.3,-0.1
608,2022,49,CLE,Isaiah Mobley,2,22,156,54,30,9,.423,.333,.800,7.1,2.5,1.4,0.4,0.3,.087,-3.8,-0.1
610,2022,51,GSW,Tyrese Martin,1,16,66,21,12,2,.391,.143,1.000,4.1,1.3,0.8,0.1,0.0,-.010,-7.4,-0.1
612,2022,53,BOS,JD Davison,2,20,105,35,19,21,.419,.357,.667,5.3,1.8,1.0,1.1,0.3,.122,-1.4,0.0
614,2022,55,GSW,Gui Santos,1,23,192,82,49,14,.509,.370,.941,8.3,3.6,2.1,0.6,0.7,.169,-0.5,0.1
616,2022,57,POR,Jabari Walker,2,128,2319,854,639,105,.448,.292,.755,18.1,6.7,5.0,0.8,3.1,.065,-4.1,-1.2
620,2023,1,SAS,Victor Wembanyama,1,71,2106,1522,755,274,.465,.325,.796,29.7,21.4,10.6,3.9,3.7,.085,5.2,3.8
621,2023,2,CHO,Brandon Miller,1,74,2383,1279,315,175,.440,.373,.827,32.2,17.3,4.3,2.4,0.8,.015,-2.6,-0.3
622,2023,3,POR,Scoot Henderson,1,62,1765,868,194,336,.385,.325,.819,28.5,14.0,3.1,5.4,-1.7,-.045,-5.8,-1.7
623,2023,4,HOU,Amen Thompson,1,62,1388,592,409,163,.536,.138,.684,22.4,9.5,6.6,2.6,4.3,.149,1.8,1.3
624,2023,5,DET,Ausar Thompson,1,63,1583,556,402,120,.483,.186,.597,25.1,8.8,6.4,1.9,1.8,.053,-2.2,-0.1
625,2023,6,ORL,Anthony Black,1,69,1164,316,139,91,.466,.394,.613,16.9,4.6,2.0,1.3,1.6,.067,-3.0,-0.3
626,2023,7,IND,Bilal Coulibaly,1,63,1715,532,256,110,.435,.346,.702,27.2,8.4,4.1,1.7,0.4,.013,-4.2,-0.9
627,2023,8,WAS,Jarace Walker,1,33,340,120,63,40,.409,.400,.889,10.3,3.6,1.9,1.2,0.4,.058,0.2,0.2
628,2023,9,UTA,Taylor Hendricks,1,40,856,292,185,32,.450,.379,.793,21.4,7.3,4.6,0.8,1.2,.070,-1.6,0.1
629,2023,10,DAL,Cason Wallace,1,82,1692,561,187,120,.491,.419,.784,20.6,6.8,2.3,1.5,4.0,.115,0.1,0.9
630,2023,11,ORL,Jett Howard,1,18,67,29,7,6,.333,.280,.500,3.7,1.6,0.4,0.3,0.0,.005,-1.8,0.0
631,2023,12,OKC,Dereck Lively II,1,55,1294,483,378,60,.747,.000,.506,23.5,8.8,6.9,1.1,4.9,.183,0.5,0.8
632,2023,13,TOR,Gradey Dick,1,60,1268,510,132,68,.425,.365,.863,21.1,8.5,2.2,1.1,0.3,.010,-5.4,-1.1
633,2023,14,NOP,Jordan Hawkins,1,67,1160,524,148,70,.382,.366,.838,17.3,7.8,2.2,1.0,1.3,.053,-3.1,-0.3
634,2023,15,ATL,Kobe Bufkin,1,17,196,81,33,27,.370,.225,.500,11.5,4.8,1.9,1.6,-0.1,-.031,-4.5,-0.1
635,2023,16,UTA,Keyonte George,1,75,2023,974,211,332,.391,.334,.848,27.0,13.0,2.8,4.4,-0.3,-.008,-4.4,-1.2
636,2023,17,LAL,Jalen Hood-Schifino,1,21,109,34,13,8,.222,.133,.600,5.2,1.6,0.6,0.4,-0.5,-.222,-16.1,-0.4
637,2023,18,MIA,Jaime Jaquez Jr.,1,75,2113,889,285,195,.489,.322,.811,28.2,11.9,3.8,2.6,4.0,.092,-1.9,0.1
638,2023,19,GSW,Brandin Podziemski,1,74,1968,682,427,273,.454,.385,.633,26.6,9.2,5.8,3.7,4.1,.100,-0.1,0.9
639,2023,20,HOU,Cam Whitmore,1,47,880,579,180,33,.454,.359,.679,18.7,12.3,3.8,0.7,1.5,.082,0.1,0.5
640,2023,21,BRK,Noah Clowney,1,23,370,133,81,18,.538,.364,.700,16.1,5.8,3.5,0.8,0.9,.111,-0.7,0.1
641,2023,22,BRK,Dariq Whitehead,1,2,24,3,4,3,.200,.000,.500,12.0,1.5,2.0,1.5,0.0,-.030,-7.9,0.0
642,2023,23,POR,Kris Murray,1,62,1348,376,224,80,.396,.268,.661,21.7,6.1,3.6,1.3,0.7,.024,-3.6,-0.6
643,2023,24,SAC,Olivier-Maxence Prosper,1,40,336,121,79,22,.385,.289,.683,8.4,3.0,2.0,0.6,0.5,.076,-2.9,-0.1
644,2023,25,MEM,Marcus Sasser,1,71,1351,586,125,236,.428,.375,.879,19.0,8.3,1.8,3.3,0.9,.033,-2.6,-0.2
645,2023,26,IND,Ben Sheppard,1,57,814,252,89,53,.393,.314,.885,14.3,4.4,1.6,0.9,0.8,.046,-3.4,-0.3
646,2023,27,CHO,Nick Smith Jr.,1,51,729,302,72,59,.391,.432,.867,14.3,5.9,1.4,1.2,-0.5,-.036,-5.9,-0.7
647,2023,28,UTA,Brice Sensabaugh,1,32,584,241,102,55,.390,.296,.902,18.3,7.5,3.2,1.7,-0.3,-.024,-5.5,-0.5
648,2023,29,IND,Julian Strawther,1,50,545,227,61,47,.369,.297,.710,10.9,4.5,1.2,0.9,0.2,.015,-6.0,-0.6
649,2023,30,LAC,Kobe Brown,1,44,394,89,62,25,.411,.292,.500,9.0,2.0,1.4,0.6,0.5,.055,-3.8,-0.2
653,2023,32,IND,Jalen Pickett,1,27,122,42,14,21,.429,.360,.750,4.5,1.6,0.5,0.8,0.2,.065,-3.3,0.0
654,2023,33,SAS,Leonard Miller,1,17,52,29,20,8,.650,.400,.500,3.1,1.7,1.2,0.5,0.3,.323,9.6,0.2
655,2023,34,CHO,Colby Jones,1,30,192,64,40,20,.394,.091,.545,6.4,2.1,1.3,0.7,0.0,.007,-5.0,-0.1
656,2023,35,BOS,Julian Phillips,1,40,323,89,36,13,.416,.316,.684,8.1,2.2,0.9,0.3,0.2,.031,-5.3,-0.3
657,2023,36,ORL,Andre Jackson Jr.,1,57,572,125,113,50,.500,.370,.727,10.0,2.2,2.0,0.9,1.0,.081,-3.6,-0.2
659,2023,38,SAC,Jordan Walsh,1,9,83,15,20,5,.400,.222,.500,9.2,1.7,2.2,0.6,0.2,.089,-3.8,0.0
660,2023,39,CHO,Mouhamed Gueye,1,6,73,24,22,4,.348,.333,.833,12.2,4.0,3.7,0.7,0.2,.127,-1.5,0.0
661,2023,40,DEN,Maxwell Lewis,1,34,103,11,4,6,.190,.111,.667,3.0,0.3,0.1,0.2,-0.4,-.195,-13.5,-0.3
662,2023,41,CHO,Amari Bailey,1,10,65,23,9,7,.333,.125,.857,6.5,2.3,0.9,0.7,-0.1,-.044,-8.3,-0.1
663,2023,42,WAS,Tristan Vukcevic,1,10,153,85,36,13,.433,.278,.773,15.3,8.5,3.6,1.3,0.1,.045,-3.6,-0.1
664,2023,43,POR,Rayan Rupert,1,39,633,155,92,62,.335,.359,.760,16.2,4.0,2.4,1.6,-0.1,-.009,-6.7,-0.8
665,2023,44,SAS,Sidy Cissoko,1,12,141,45,22,10,.485,.083,.800,11.8,3.8,1.8,0.8,0.3,.110,-2.7,0.0
666,2023,45,MEM,GG Jackson II,1,48,1233,699,196,59,.428,.357,.752,25.7,14.6,4.1,1.2,1.2,.048,-2.0,0.0
667,2023,46,ATL,Seth Lundy,1,9,52,14,7,0,.235,.231,.750,5.8,1.6,0.8,0.0,-0.1,-.092,-12.7,-0.1
669,2023,48,LAC,Jordan Miller,1,8,28,13,5,0,.556,.500,1.000,3.5,1.6,0.6,0.0,0.1,.116,-3.8,0.0
670,2023,49,CLE,Emoni Bates,1,15,133,41,14,10,.306,.303,.250,8.9,2.7,0.9,0.7,-0.3,-.092,-9.2,-0.2
672,2023,51,BRK,Jalen Wilson,1,43,664,214,131,45,.425,.324,.826,15.4,5.0,3.0,1.0,1.1,.077,-2.9,-0.2
673,2023,52,PHO,Toumani Camara,1,70,1739,527,343,87,.450,.337,.758,24.8,7.5,4.9,1.2,2.0,.055,-3.1,-0.5
678,2023,57,WAS,Trayce Jackson-Davis,1,68,1130,540,341,82,.702,.000,.561,16.6,7.9,5.0,1.2,4.8,.205,2.8,1.4
679,2023,58,MIL,Chris Livingston,1,21,90,26,21,5,.500,.200,.750,4.3,1.2,1.0,0.2,0.1,.027,-8.0,-0.1
